track_id,title,artist,genre,audio_path,lyrics_path,lyrics_source
40122,Deep Cover,Sun Araw,Experimental,data\fma_small\fma_small\040\040122.mp3,data\lyrics\Sun Araw - Deep Cover _40122_.txt,genius
52040,Catfishes,Poland,Pop,data\fma_small\fma_small\052\052040.mp3,data\lyrics\Poland - Catfishes _52040_.txt,genius
116883,Something Small,Joan Shelley,Folk,data\fma_small\fma_small\116\116883.mp3,data\lyrics\Joan Shelley - Something Small _116883_.txt,genius
136094,Talk,Tacocat,Rock,data\fma_small\fma_small\136\136094.mp3,data\lyrics\Tacocat - Talk _136094_.txt,genius
44793,Cosmic Sing-a-Long (live at WFMU),Cryptacize,Experimental,data\fma_small\fma_small\044\044793.mp3,data\lyrics\Cryptacize - Cosmic Sing-a-Long _44793_.txt,genius
97586,Waxwing,Olivia Chaney,Folk,data\fma_small\fma_small\097\097586.mp3,data\lyrics\Olivia Chaney - Waxwing _97586_.txt,genius
7712,My Room Is White,Mia Doi Todd,Folk,data\fma_small\fma_small\007\007712.mp3,data\lyrics\Mia Doi Todd - My Room Is White _7712_.txt,genius
6856,Autumn Flow,Lior,Folk,data\fma_small\fma_small\006\006856.mp3,data\lyrics\Lior - Autumn Flow _6856_.txt,genius
4685,Ever Somber,Dälek,Hip-Hop,data\fma_small\fma_small\004\004685.mp3,data\lyrics\Dälek - Ever Somber _4685_.txt,genius
67364,Ether,Andersens,Pop,data\fma_small\fma_small\067\067364.mp3,data\lyrics\Andersens - Ether _67364_.txt,genius
141304,Gone,Jules,Hip-Hop,data\fma_small\fma_small\141\141304.mp3,data\lyrics\Jules - Gone _141304_.txt,genius
13556,Let Me Go,STEEP,Rock,data\fma_small\fma_small\013\013556.mp3,data\lyrics\STEEP - Let Me Go _13556_.txt,genius
97590,The King's Horses,Olivia Chaney,Folk,data\fma_small\fma_small\097\097590.mp3,data\lyrics\Olivia Chaney - The King_s Horses _97590_.txt,genius
4777,Firecracker,Half Japanese,Rock,data\fma_small\fma_small\004\004777.mp3,data\lyrics\Half Japanese - Firecracker _4777_.txt,genius
14733,Mania,Throwing Muses,Rock,data\fma_small\fma_small\014\014733.mp3,data\lyrics\Throwing Muses - Mania _14733_.txt,genius
3904,Sometimes,Michael Chapman,Folk,data\fma_small\fma_small\003\003904.mp3,data\lyrics\Michael Chapman - Sometimes _3904_.txt,genius
20296,Part 3,Sikhara,Experimental,data\fma_small\fma_small\020\020296.mp3,data\lyrics\Sikhara - Part 3 _20296_.txt,genius
30043,Soul Hip Hop,Cullah,Hip-Hop,data\fma_small\fma_small\030\030043.mp3,data\lyrics\Cullah - Soul Hip Hop _30043_.txt,genius
89848,Not the 1s (prod. by Mexicans with Guns),Not The 1s,Hip-Hop,data\fma_small\fma_small\089\089848.mp3,data\lyrics\Not The 1s - Not the 1s _89848_.txt,genius
88861,Cien Volando,Josh Woodward,Folk,data\fma_small\fma_small\088\088861.mp3,data\lyrics\Josh Woodward - Cien Volando _88861_.txt,genius
84158,Source and the Sound,Laura Stevenson and the Cans,Folk,data\fma_small\fma_small\084\084158.mp3,data\lyrics\Laura Stevenson and the Cans - Source and the Sound _84158_.txt,genius
27547,I'm a Sir,Frau,Pop,data\fma_small\fma_small\027\027547.mp3,data\lyrics\Frau - I_m a Sir _27547_.txt,genius
62448,Julia,Jahzzar,Pop,data\fma_small\fma_small\062\062448.mp3,data\lyrics\Jahzzar - Julia _62448_.txt,genius
48269,RReplay,.RR,Experimental,data\fma_small\fma_small\048\048269.mp3,data\lyrics\.RR - RReplay _48269_.txt,genius
98581,Race With Time (Prod. Joel Johnston),Hi-Rez,Hip-Hop,data\fma_small\fma_small\098\098581.mp3,data\lyrics\Hi-Rez - Race With Time _98581_.txt,genius
13325,Methylchloroisothiazolinone,Josh Woodward,Rock,data\fma_small\fma_small\013\013325.mp3,data\lyrics\Josh Woodward - Methylchloroisothiazolinone _13325_.txt,genius
84154,Baby Bones,Laura Stevenson and the Cans,Folk,data\fma_small\fma_small\084\084154.mp3,data\lyrics\Laura Stevenson and the Cans - Baby Bones _84154_.txt,genius
126403,Forest Friends,Shy Kids,Pop,data\fma_small\fma_small\126\126403.mp3,data\lyrics\Shy Kids - Forest Friends _126403_.txt,genius
75389,City of Champions,Kellee Maize,Hip-Hop,data\fma_small\fma_small\075\075389.mp3,data\lyrics\Kellee Maize - City of Champions _75389_.txt,genius
88879,Stickybee (No Vocals),Josh Woodward,Folk,data\fma_small\fma_small\088\088879.mp3,data\lyrics\Josh Woodward - Stickybee _88879_.txt,genius
51261,The End,Casa Del Mirto,Pop,data\fma_small\fma_small\051\051261.mp3,data\lyrics\Casa Del Mirto - The End _51261_.txt,genius
71251,Not Nice (feat. NGA),Dengaz,Hip-Hop,data\fma_small\fma_small\071\071251.mp3,data\lyrics\Dengaz - Not Nice _71251_.txt,genius
101868,Cube,Reier,Experimental,data\fma_small\fma_small\101\101868.mp3,data\lyrics\Reier - Cube _101868_.txt,genius
55714,1967,et_,Rock,data\fma_small\fma_small\055\055714.mp3,data\lyrics\et_ - 1967 _55714_.txt,genius
106339,Marmalade,Julie Byrne,Folk,data\fma_small\fma_small\106\106339.mp3,data\lyrics\Julie Byrne - Marmalade _106339_.txt,genius
141179,Stay,Simple CUT,Pop,data\fma_small\fma_small\141\141179.mp3,data\lyrics\Simple CUT - Stay _141179_.txt,genius
55119,Si j'aurais,Alaclair Ensemble,Hip-Hop,data\fma_small\fma_small\055\055119.mp3,data\lyrics\Alaclair Ensemble - Si j_aurais _55119_.txt,genius
57180,NO (Midi Version),Skeletons,Pop,data\fma_small\fma_small\057\057180.mp3,data\lyrics\Skeletons - NO _57180_.txt,genius
11298,Now Get Busy,Beastie Boys,Hip-Hop,data\fma_small\fma_small\011\011298.mp3,data\lyrics\Beastie Boys - Now Get Busy _11298_.txt,genius
72046,Minimum Wage Strike,David Rovics,Folk,data\fma_small\fma_small\072\072046.mp3,data\lyrics\David Rovics - Minimum Wage Strike _72046_.txt,genius
56497,C'mon,Opio,Hip-Hop,data\fma_small\fma_small\056\056497.mp3,data\lyrics\Opio - C_mon _56497_.txt,genius
98553,Vision,Kellee Maize,Hip-Hop,data\fma_small\fma_small\098\098553.mp3,data\lyrics\Kellee Maize - Vision _98553_.txt,genius
98619,Mad Men,KINGS OF THE CITY,Hip-Hop,data\fma_small\fma_small\098\098619.mp3,data\lyrics\KINGS OF THE CITY - Mad Men _98619_.txt,genius
61174,ExplosiON,Alaclair Ensemble,Hip-Hop,data\fma_small\fma_small\061\061174.mp3,data\lyrics\Alaclair Ensemble - ExplosiON _61174_.txt,genius
126103,Extra Pay,No Lala,Pop,data\fma_small\fma_small\126\126103.mp3,data\lyrics\No Lala - Extra Pay _126103_.txt,genius
12521,Never Get Out,Brad Sucks,Rock,data\fma_small\fma_small\012\012521.mp3,data\lyrics\Brad Sucks - Never Get Out _12521_.txt,genius
75748,Yesterday,Kellee Maize,Hip-Hop,data\fma_small\fma_small\075\075748.mp3,data\lyrics\Kellee Maize - Yesterday _75748_.txt,genius
113037,The Drop (Dalai Dahmer & Brad Manners Version),Tickle,Hip-Hop,data\fma_small\fma_small\113\113037.mp3,data\lyrics\Tickle - The Drop _113037_.txt,genius
4785,I Know How It Feels...Bad,Half Japanese,Rock,data\fma_small\fma_small\004\004785.mp3,data\lyrics\Half Japanese - I Know How It Feels...Bad _4785_.txt,genius
26036,Spread Love to Ya,Cvees,Hip-Hop,data\fma_small\fma_small\026\026036.mp3,data\lyrics\Cvees - Spread Love to Ya _26036_.txt,genius
822,Tom & Jerry,Hecuba,Pop,data\fma_small\fma_small\000\000822.mp3,data\lyrics\Hecuba - Tom _ Jerry _822_.txt,genius
56929,Hit and Run,Jack Ruby,Rock,data\fma_small\fma_small\056\056929.mp3,data\lyrics\Jack Ruby - Hit and Run _56929_.txt,genius
43883,crickets,Myo,Experimental,data\fma_small\fma_small\043\043883.mp3,data\lyrics\Myo - crickets _43883_.txt,genius
10521,boys boys boys,Sabrina,Experimental,data\fma_small\fma_small\010\010521.mp3,data\lyrics\Sabrina - boys boys boys _10521_.txt,genius
13768,Just a Feelin',Majik Most,Hip-Hop,data\fma_small\fma_small\013\013768.mp3,data\lyrics\Majik Most - Just a Feelin_ _13768_.txt,genius
144544,Holy Dust (Acoustic),Wildlight,Folk,data\fma_small\fma_small\144\144544.mp3,data\lyrics\Wildlight - Holy Dust _144544_.txt,genius
27551,"Salahku, Sahabatku",Frau,Pop,data\fma_small\fma_small\027\027551.mp3,data\lyrics\Frau - Salahku_ Sahabatku _27551_.txt,genius
45520,Sisters,Plusplus,Folk,data\fma_small\fma_small\045\045520.mp3,data\lyrics\Plusplus - Sisters _45520_.txt,genius
122810,no smilage,The Carnys,Pop,data\fma_small\fma_small\122\122810.mp3,data\lyrics\The Carnys - no smilage _122810_.txt,genius
62753,VHS,Jahzzar,Pop,data\fma_small\fma_small\062\062753.mp3,data\lyrics\Jahzzar - VHS _62753_.txt,genius
154414,Dead Can Dance (uncensored),Tasseomancy,Pop,data\fma_small\fma_small\154\154414.mp3,data\lyrics\Tasseomancy - Dead Can Dance _154414_.txt,genius
65756,"Darkling, I Listen",The Black Atlantic,Pop,data\fma_small\fma_small\065\065756.mp3,data\lyrics\The Black Atlantic - Darkling_ I Listen _65756_.txt,genius
70403,Pigeon Song,Pile,Rock,data\fma_small\fma_small\070\070403.mp3,data\lyrics\Pile - Pigeon Song _70403_.txt,genius
142085,On the daily,SK,Hip-Hop,data\fma_small\fma_small\142\142085.mp3,data\lyrics\SK - On the daily _142085_.txt,genius
127909,Playgrounds,Gingerlys,Pop,data\fma_small\fma_small\127\127909.mp3,data\lyrics\Gingerlys - Playgrounds _127909_.txt,genius
88856,Nincompoop,Josh Woodward,Folk,data\fma_small\fma_small\088\088856.mp3,data\lyrics\Josh Woodward - Nincompoop _88856_.txt,genius
98567,Fuck The World,Hi-Rez,Hip-Hop,data\fma_small\fma_small\098\098567.mp3,data\lyrics\Hi-Rez - Fuck The World _98567_.txt,genius
71246,FayaFlow (feat. Praga),Dengaz,Hip-Hop,data\fma_small\fma_small\071\071246.mp3,data\lyrics\Dengaz - FayaFlow _71246_.txt,genius
140583,Swimming,Arc Iris,Folk,data\fma_small\fma_small\140\140583.mp3,data\lyrics\Arc Iris - Swimming _140583_.txt,genius
89473,Get Up Stand Up (Featuring Brother Ali),Public Enemy,Hip-Hop,data\fma_small\fma_small\089\089473.mp3,data\lyrics\Public Enemy - Get Up Stand Up _89473_.txt,genius
108427,Baby Blue,cultureculture,Pop,data\fma_small\fma_small\108\108427.mp3,data\lyrics\cultureculture - Baby Blue _108427_.txt,genius
141181,Stay (Teknique Remix) (Featuring Jeff Barringer),Simple CUT,Pop,data\fma_small\fma_small\141\141181.mp3,data\lyrics\Simple CUT - Stay _141181_.txt,genius
123440,Staring At The Sun,The Dread,Hip-Hop,data\fma_small\fma_small\123\123440.mp3,data\lyrics\The Dread - Staring At The Sun _123440_.txt,genius
144179,Jumanji,Pulso,Hip-Hop,data\fma_small\fma_small\144\144179.mp3,data\lyrics\Pulso - Jumanji _144179_.txt,genius
63044,Courduroy,The Wedding Present,Rock,data\fma_small\fma_small\063\063044.mp3,data\lyrics\The Wedding Present - Courduroy _63044_.txt,genius
47510,Vacation,The Whines,Rock,data\fma_small\fma_small\047\047510.mp3,data\lyrics\The Whines - Vacation _47510_.txt,genius
108038,Meat,Kubark,Rock,data\fma_small\fma_small\108\108038.mp3,data\lyrics\Kubark - Meat _108038_.txt,genius
14735,Start,Throwing Muses,Rock,data\fma_small\fma_small\014\014735.mp3,data\lyrics\Throwing Muses - Start _14735_.txt,genius
14653,Bad Sign,Brad Sucks,Rock,data\fma_small\fma_small\014\014653.mp3,data\lyrics\Brad Sucks - Bad Sign _14653_.txt,genius
4108,New Wave Hippies,Psychedelic Horseshit,Rock,data\fma_small\fma_small\004\004108.mp3,data\lyrics\Psychedelic Horseshit - New Wave Hippies _4108_.txt,genius
107030,BACKSTAGE,Alaclair Ensemble,Hip-Hop,data\fma_small\fma_small\107\107030.mp3,data\lyrics\Alaclair Ensemble - BACKSTAGE _107030_.txt,genius
61175,KING NeLSON,Alaclair Ensemble,Hip-Hop,data\fma_small\fma_small\061\061175.mp3,data\lyrics\Alaclair Ensemble - KING NeLSON _61175_.txt,genius
20050,Let's Go Down,Family Of The Year,Rock,data\fma_small\fma_small\020\020050.mp3,data\lyrics\Family Of The Year - Let_s Go Down _20050_.txt,genius
64078,France-excerpt,FRANCE,Experimental,data\fma_small\fma_small\064\064078.mp3,data\lyrics\FRANCE - France-excerpt _64078_.txt,genius
10670,Letting You,Nine Inch Nails,Rock,data\fma_small\fma_small\010\010670.mp3,data\lyrics\Nine Inch Nails - Letting You _10670_.txt,genius
127916,Hurry,Stephen Chopek,Folk,data\fma_small\fma_small\127\127916.mp3,data\lyrics\Stephen Chopek - Hurry _127916_.txt,genius
56247,A Veces,Jiony,Pop,data\fma_small\fma_small\056\056247.mp3,data\lyrics\Jiony - A Veces _56247_.txt,genius
621,Blue Eyed Baby,Ed Askew,Folk,data\fma_small\fma_small\000\000621.mp3,data\lyrics\Ed Askew - Blue Eyed Baby _621_.txt,genius
88863,Gallows Hill,Josh Woodward,Folk,data\fma_small\fma_small\088\088863.mp3,data\lyrics\Josh Woodward - Gallows Hill _88863_.txt,genius
67764,Share,Meg Baird,Folk,data\fma_small\fma_small\067\067764.mp3,data\lyrics\Meg Baird - Share _67764_.txt,genius
105887,Cairo Blues,Leif Vollebek,Folk,data\fma_small\fma_small\105\105887.mp3,data\lyrics\Leif Vollebek - Cairo Blues _105887_.txt,genius
148082,Onyx,Queen Elephantine,Experimental,data\fma_small\fma_small\148\148082.mp3,data\lyrics\Queen Elephantine - Onyx _148082_.txt,genius
55716,Domino,et_,Rock,data\fma_small\fma_small\055\055716.mp3,data\lyrics\et_ - Domino _55716_.txt,genius
16354,Rose of Los Angeles,Michael Gira,Rock,data\fma_small\fma_small\016\016354.mp3,data\lyrics\Michael Gira - Rose of Los Angeles _16354_.txt,genius
6607,The World,Height With Friends,Hip-Hop,data\fma_small\fma_small\006\006607.mp3,data\lyrics\Height With Friends - The World _6607_.txt,genius
112318,Sky Guide,Cloudkicker,Rock,data\fma_small\fma_small\112\112318.mp3,data\lyrics\Cloudkicker - Sky Guide _112318_.txt,genius
89445,Outta My Head,Shad + Skratch Bastid,Hip-Hop,data\fma_small\fma_small\089\089445.mp3,data\lyrics\Shad _ Skratch Bastid - Outta My Head _89445_.txt,genius
72050,Cannabis Cafe,David Rovics,Folk,data\fma_small\fma_small\072\072050.mp3,data\lyrics\David Rovics - Cannabis Cafe _72050_.txt,genius
83511,Our Sorrows,Julia Holter,Pop,data\fma_small\fma_small\083\083511.mp3,data\lyrics\Julia Holter - Our Sorrows _83511_.txt,genius
62001,Stand,mGee,Hip-Hop,data\fma_small\fma_small\062\062001.mp3,data\lyrics\mGee - Stand _62001_.txt,genius
143220,The Law,The Invasion,Rock,data\fma_small\fma_small\143\143220.mp3,data\lyrics\The Invasion - The Law _143220_.txt,genius
71721,A.B.A.Y.A.M,Gardens,Rock,data\fma_small\fma_small\071\071721.mp3,data\lyrics\Gardens - A.B.A.Y.A.M _71721_.txt,genius
108488,Intro (ft. Alex East Block),Sun Sunych ft. Alex East Block,Hip-Hop,data\fma_small\fma_small\108\108488.mp3,data\lyrics\Sun Sunych ft. Alex East Block - Intro _108488_.txt,genius
95914,Genital Warfare,Suicidal Rap Orgy,Hip-Hop,data\fma_small\fma_small\095\095914.mp3,data\lyrics\Suicidal Rap Orgy - Genital Warfare _95914_.txt,genius
10677,Demon Seed,Nine Inch Nails,Rock,data\fma_small\fma_small\010\010677.mp3,data\lyrics\Nine Inch Nails - Demon Seed _10677_.txt,genius
71253,Homem Sem Alma,Dengaz,Hip-Hop,data\fma_small\fma_small\071\071253.mp3,data\lyrics\Dengaz - Homem Sem Alma _71253_.txt,genius
147956,Universal Libraries,Portrayal,Rock,data\fma_small\fma_small\147\147956.mp3,data\lyrics\Portrayal - Universal Libraries _147956_.txt,genius
68820,Blackout,Zulus,Rock,data\fma_small\fma_small\068\068820.mp3,data\lyrics\Zulus - Blackout _68820_.txt,genius
106456,freedom,Titan,Folk,data\fma_small\fma_small\106\106456.mp3,data\lyrics\Titan - freedom _106456_.txt,genius
98628,Grave Digger,KINGS OF THE CITY,Hip-Hop,data\fma_small\fma_small\098\098628.mp3,data\lyrics\KINGS OF THE CITY - Grave Digger _98628_.txt,genius
108290,What's This Magical,Celebration,Rock,data\fma_small\fma_small\108\108290.mp3,data\lyrics\Celebration - What_s This Magical _108290_.txt,genius
128504,Ocean,Zebra,Rock,data\fma_small\fma_small\128\128504.mp3,data\lyrics\Zebra - Ocean _128504_.txt,genius
3708,Thicker Than A Smokey,Gary Higgins,Folk,data\fma_small\fma_small\003\003708.mp3,data\lyrics\Gary Higgins - Thicker Than A Smokey _3708_.txt,genius
4682,Asylum (Permanent Underclass),Dälek,Hip-Hop,data\fma_small\fma_small\004\004682.mp3,data\lyrics\Dälek - Asylum _4682_.txt,genius
37725,The Stars Behind,Bardo Pond,Rock,data\fma_small\fma_small\037\037725.mp3,data\lyrics\Bardo Pond - The Stars Behind _37725_.txt,genius
118987,Ventus,Bagat,Experimental,data\fma_small\fma_small\118\118987.mp3,data\lyrics\Bagat - Ventus _118987_.txt,genius
130368,Into the Blu,TransFX,Pop,data\fma_small\fma_small\130\130368.mp3,data\lyrics\TransFX - Into the Blu _130368_.txt,genius
50445,I've Got A Wild Feeling,Milk Music,Rock,data\fma_small\fma_small\050\050445.mp3,data\lyrics\Milk Music - I_ve Got A Wild Feeling _50445_.txt,genius
98624,Please Tell Me,KINGS OF THE CITY,Hip-Hop,data\fma_small\fma_small\098\098624.mp3,data\lyrics\KINGS OF THE CITY - Please Tell Me _98624_.txt,genius
24216,Bleached Beach,Noveller,Experimental,data\fma_small\fma_small\024\024216.mp3,data\lyrics\Noveller - Bleached Beach _24216_.txt,genius
104064,Avalanche,Boogarins,Pop,data\fma_small\fma_small\104\104064.mp3,data\lyrics\Boogarins - Avalanche _104064_.txt,genius
96692,Postman,Melissa Laveaux,Folk,data\fma_small\fma_small\096\096692.mp3,data\lyrics\Melissa Laveaux - Postman _96692_.txt,genius
4013,Ravens,Nalle,Folk,data\fma_small\fma_small\004\004013.mp3,data\lyrics\Nalle - Ravens _4013_.txt,genius
13218,Perdon,Sebastian Kramer,Pop,data\fma_small\fma_small\013\013218.mp3,data\lyrics\Sebastian Kramer - Perdon _13218_.txt,genius
1197,My Burning,Mount Eerie,Folk,data\fma_small\fma_small\001\001197.mp3,data\lyrics\Mount Eerie - My Burning _1197_.txt,genius
37730,Sometimes Words,Bardo Pond,Rock,data\fma_small\fma_small\037\037730.mp3,data\lyrics\Bardo Pond - Sometimes Words _37730_.txt,genius
85968,Meet Me,Seaven Teares,Folk,data\fma_small\fma_small\085\085968.mp3,data\lyrics\Seaven Teares - Meet Me _85968_.txt,genius
86417,The Destroyer (Parts 1 and 2),One Master,Rock,data\fma_small\fma_small\086\086417.mp3,data\lyrics\One Master - The Destroyer _86417_.txt,genius
6440,Rampage,EPMD,Hip-Hop,data\fma_small\fma_small\006\006440.mp3,data\lyrics\EPMD - Rampage _6440_.txt,genius
144180,Pulso (Por Stray),Pulso,Hip-Hop,data\fma_small\fma_small\144\144180.mp3,data\lyrics\Pulso - Pulso _144180_.txt,genius
44779,Monsters,Giovanni Cipolla,Experimental,data\fma_small\fma_small\044\044779.mp3,data\lyrics\Giovanni Cipolla - Monsters _44779_.txt,genius
35544,Facing the Sea,Garmisch,Pop,data\fma_small\fma_small\035\035544.mp3,data\lyrics\Garmisch - Facing the Sea _35544_.txt,genius
84159,A Shine To It,Laura Stevenson and the Cans,Folk,data\fma_small\fma_small\084\084159.mp3,data\lyrics\Laura Stevenson and the Cans - A Shine To It _84159_.txt,genius
104065,Despreocupar,Boogarins,Pop,data\fma_small\fma_small\104\104065.mp3,data\lyrics\Boogarins - Despreocupar _104065_.txt,genius
58221,Kick Back,Sick of Sarah,Rock,data\fma_small\fma_small\058\058221.mp3,data\lyrics\Sick of Sarah - Kick Back _58221_.txt,genius
17500,"X Man (Featuring Zack S. Byer, Dabbla, Cobes & Aynzli Jones)",Formula,Hip-Hop,data\fma_small\fma_small\017\017500.mp3,data\lyrics\Formula - X Man _17500_.txt,genius
10673,Head Down,Nine Inch Nails,Rock,data\fma_small\fma_small\010\010673.mp3,data\lyrics\Nine Inch Nails - Head Down _10673_.txt,genius
98578,B.N.S. Ft. Huey Mack (Prod. GM3),Hi-Rez,Hip-Hop,data\fma_small\fma_small\098\098578.mp3,data\lyrics\Hi-Rez - B.N.S. Ft. Huey Mack _98578_.txt,genius
88864,Insomnia,Josh Woodward,Folk,data\fma_small\fma_small\088\088864.mp3,data\lyrics\Josh Woodward - Insomnia _88864_.txt,genius
145607,The Dawn,The One They Fear,Rock,data\fma_small\fma_small\145\145607.mp3,data\lyrics\The One They Fear - The Dawn _145607_.txt,genius
33459,Cherry Cherry,Unrest,Rock,data\fma_small\fma_small\033\033459.mp3,data\lyrics\Unrest - Cherry Cherry _33459_.txt,genius
149103,Explosions,Coco Morier,Pop,data\fma_small\fma_small\149\149103.mp3,data\lyrics\Coco Morier - Explosions _149103_.txt,genius
9550,Slippershell,Kristin Hersh,Rock,data\fma_small\fma_small\009\009550.mp3,data\lyrics\Kristin Hersh - Slippershell _9550_.txt,genius
95250,Sweet Elizabeth,Valley Lodge,Rock,data\fma_small\fma_small\095\095250.mp3,data\lyrics\Valley Lodge - Sweet Elizabeth _95250_.txt,genius
75386,Mothership,Kellee Maize,Hip-Hop,data\fma_small\fma_small\075\075386.mp3,data\lyrics\Kellee Maize - Mothership _75386_.txt,genius
87324,Harmony To My Heartbeat,Sally Seltmann,Pop,data\fma_small\fma_small\087\087324.mp3,data\lyrics\Sally Seltmann - Harmony To My Heartbeat _87324_.txt,genius
144546,Lantern (Acoustic),Wildlight,Folk,data\fma_small\fma_small\144\144546.mp3,data\lyrics\Wildlight - Lantern _144546_.txt,genius
83438,Sweetheart What Have You Done To Us,Keaton Henson,Folk,data\fma_small\fma_small\083\083438.mp3,data\lyrics\Keaton Henson - Sweetheart What Have You Done To Us _83438_.txt,genius
123968,Michael Van Allen,BenJamin Banger,Hip-Hop,data\fma_small\fma_small\123\123968.mp3,data\lyrics\BenJamin Banger - Michael Van Allen _123968_.txt,genius
137212,1984,Punk Rock Opera,Rock,data\fma_small\fma_small\137\137212.mp3,data\lyrics\Punk Rock Opera - 1984 _137212_.txt,genius
12146,Kokoro (I Fall To Pieces),The Slants,Pop,data\fma_small\fma_small\012\012146.mp3,data\lyrics\The Slants - Kokoro _12146_.txt,genius
27549,Rat and Cat,Frau,Pop,data\fma_small\fma_small\027\027549.mp3,data\lyrics\Frau - Rat and Cat _27549_.txt,genius
61453,Les Insectes,Alaclair Ensemble,Hip-Hop,data\fma_small\fma_small\061\061453.mp3,data\lyrics\Alaclair Ensemble - Les Insectes _61453_.txt,genius
82464,Not Too Soon,Throwing Muses,Rock,data\fma_small\fma_small\082\082464.mp3,data\lyrics\Throwing Muses - Not Too Soon _82464_.txt,genius
108808,The Trap,D3Zs,Hip-Hop,data\fma_small\fma_small\108\108808.mp3,data\lyrics\D3Zs - The Trap _108808_.txt,genius
57658,I'm an Animal,Shark?,Rock,data\fma_small\fma_small\057\057658.mp3,data\lyrics\Shark_ - I_m an Animal _57658_.txt,genius
6439,Crossover,EPMD,Hip-Hop,data\fma_small\fma_small\006\006439.mp3,data\lyrics\EPMD - Crossover _6439_.txt,genius
3537,We'll Never Dream Again,Cryptacize,Pop,data\fma_small\fma_small\003\003537.mp3,data\lyrics\Cryptacize - We_ll Never Dream Again _3537_.txt,genius
132954,Sodomy Dungeon (remastered),Cockmasta Flex,Hip-Hop,data\fma_small\fma_small\132\132954.mp3,data\lyrics\Cockmasta Flex - Sodomy Dungeon _132954_.txt,genius
128477,GO!GO!GO!,Emerald Park,Pop,data\fma_small\fma_small\128\128477.mp3,data\lyrics\Emerald Park - GO_GO_GO_ _128477_.txt,genius
75396,Something Sacred,Kellee Maize,Hip-Hop,data\fma_small\fma_small\075\075396.mp3,data\lyrics\Kellee Maize - Something Sacred _75396_.txt,genius
52034,Sure,Poland,Pop,data\fma_small\fma_small\052\052034.mp3,data\lyrics\Poland - Sure _52034_.txt,genius
23371,I Want To Destroy Something Beautiful,Josh Woodward,Folk,data\fma_small\fma_small\023\023371.mp3,data\lyrics\Josh Woodward - I Want To Destroy Something Beautiful _23371_.txt,genius
10381,Baron in the Trees,Big Blood,Folk,data\fma_small\fma_small\010\010381.mp3,data\lyrics\Big Blood - Baron in the Trees _10381_.txt,genius
87322,The Truth,Sally Seltmann,Pop,data\fma_small\fma_small\087\087322.mp3,data\lyrics\Sally Seltmann - The Truth _87322_.txt,genius
88872,I Want to Destroy Something Beautiful (No Vocals),Josh Woodward,Folk,data\fma_small\fma_small\088\088872.mp3,data\lyrics\Josh Woodward - I Want to Destroy Something Beautiful _88872_.txt,genius
14739,Say Goodbye,Throwing Muses,Rock,data\fma_small\fma_small\014\014739.mp3,data\lyrics\Throwing Muses - Say Goodbye _14739_.txt,genius
9557,Moan,Kristin Hersh,Rock,data\fma_small\fma_small\009\009557.mp3,data\lyrics\Kristin Hersh - Moan _9557_.txt,genius
125237,Teo,Derek Baron,Experimental,data\fma_small\fma_small\125\125237.mp3,data\lyrics\Derek Baron - Teo _125237_.txt,genius
127878,Reaper,Razen,Experimental,data\fma_small\fma_small\127\127878.mp3,data\lyrics\Razen - Reaper _127878_.txt,genius
8345,Walter,Walter,Experimental,data\fma_small\fma_small\008\008345.mp3,data\lyrics\Walter - Walter _8345_.txt,genius
96698,Pretty Girls,Melissa Laveaux,Folk,data\fma_small\fma_small\096\096698.mp3,data\lyrics\Melissa Laveaux - Pretty Girls _96698_.txt,genius
12387,Spherical Hearts (Trondheim Remix),Norton,Pop,data\fma_small\fma_small\012\012387.mp3,data\lyrics\Norton - Spherical Hearts _12387_.txt,genius
92131,Out,The Craters,Pop,data\fma_small\fma_small\092\092131.mp3,data\lyrics\The Craters - Out _92131_.txt,genius
96697,Pie Bwa,Melissa Laveaux,Folk,data\fma_small\fma_small\096\096697.mp3,data\lyrics\Melissa Laveaux - Pie Bwa _96697_.txt,genius
42914,BLOWN,Phemale,Pop,data\fma_small\fma_small\042\042914.mp3,data\lyrics\Phemale - BLOWN _42914_.txt,genius
121315,sollerod fascists,Coin Locker Kid,Hip-Hop,data\fma_small\fma_small\121\121315.mp3,data\lyrics\Coin Locker Kid - sollerod fascists _121315_.txt,genius
81938,In Our Hands,Jenny O.,Folk,data\fma_small\fma_small\081\081938.mp3,data\lyrics\Jenny O. - In Our Hands _81938_.txt,genius
40909,Adele,Mopno,Experimental,data\fma_small\fma_small\040\040909.mp3,data\lyrics\Mopno - Adele _40909_.txt,genius
50276,The Commons,David Rovics,Folk,data\fma_small\fma_small\050\050276.mp3,data\lyrics\David Rovics - The Commons _50276_.txt,genius
546,If You Have No One,Charles Manson,Folk,data\fma_small\fma_small\000\000546.mp3,data\lyrics\Charles Manson - If You Have No One _546_.txt,genius
127300,Lackadaisical,"Oh Yeah, the Future",Pop,data\fma_small\fma_small\127\127300.mp3,data\lyrics\Oh Yeah_ the Future - Lackadaisical _127300_.txt,genius
98569,Love and Fear,Hi-Rez,Hip-Hop,data\fma_small\fma_small\098\098569.mp3,data\lyrics\Hi-Rez - Love and Fear _98569_.txt,genius
49479,Love Is,Suhov,Hip-Hop,data\fma_small\fma_small\049\049479.mp3,data\lyrics\Suhov - Love Is _49479_.txt,genius
1195,With My Hands Out,Mount Eerie,Folk,data\fma_small\fma_small\001\001195.mp3,data\lyrics\Mount Eerie - With My Hands Out _1195_.txt,genius
5264,Classical Homicide,Dälek,Hip-Hop,data\fma_small\fma_small\005\005264.mp3,data\lyrics\Dälek - Classical Homicide _5264_.txt,genius
64093,sweet talking,Alcove,Experimental,data\fma_small\fma_small\064\064093.mp3,data\lyrics\Alcove - sweet talking _64093_.txt,genius
109972,X,Phemale,Pop,data\fma_small\fma_small\109\109972.mp3,data\lyrics\Phemale - X _109972_.txt,genius
52945,"In Your Lair, Bear",Marissa Nadler,Folk,data\fma_small\fma_small\052\052945.mp3,data\lyrics\Marissa Nadler - In Your Lair_ Bear _52945_.txt,genius
108297,Battles,Celebration,Rock,data\fma_small\fma_small\108\108297.mp3,data\lyrics\Celebration - Battles _108297_.txt,genius
41192,Storms That Breed,Weyes Blood,Folk,data\fma_small\fma_small\041\041192.mp3,data\lyrics\Weyes Blood - Storms That Breed _41192_.txt,genius
71244,Obrigado (feat. Dino),Dengaz,Hip-Hop,data\fma_small\fma_small\071\071244.mp3,data\lyrics\Dengaz - Obrigado _71244_.txt,genius
69182,Flying,Samoln,Pop,data\fma_small\fma_small\069\069182.mp3,data\lyrics\Samoln - Flying _69182_.txt,genius
97585,Loose Change,Olivia Chaney,Folk,data\fma_small\fma_small\097\097585.mp3,data\lyrics\Olivia Chaney - Loose Change _97585_.txt,genius
33538,Roka,Calexico,Rock,data\fma_small\fma_small\033\033538.mp3,data\lyrics\Calexico - Roka _33538_.txt,genius
108461,Physics Is Our Business,Miracles of Modern Science,Pop,data\fma_small\fma_small\108\108461.mp3,data\lyrics\Miracles of Modern Science - Physics Is Our Business _108461_.txt,genius
4684,Eyes to Form Shadows,Dälek,Hip-Hop,data\fma_small\fma_small\004\004684.mp3,data\lyrics\Dälek - Eyes to Form Shadows _4684_.txt,genius
88892,The Vagabond (No Vocals),Josh Woodward,Folk,data\fma_small\fma_small\088\088892.mp3,data\lyrics\Josh Woodward - The Vagabond _88892_.txt,genius
4037,Oh! Mighty Engine,Neil Halstead,Folk,data\fma_small\fma_small\004\004037.mp3,data\lyrics\Neil Halstead - Oh_ Mighty Engine _4037_.txt,genius
70426,Candy City,Supercute,Pop,data\fma_small\fma_small\070\070426.mp3,data\lyrics\Supercute - Candy City _70426_.txt,genius
74945,Morning Light,Mate,Pop,data\fma_small\fma_small\074\074945.mp3,data\lyrics\Mate - Morning Light _74945_.txt,genius
10669,"1,000,000",Nine Inch Nails,Rock,data\fma_small\fma_small\010\010669.mp3,data\lyrics\Nine Inch Nails - 1_000_000 _10669_.txt,genius
95915,The Penis Lord,Suicidal Rap Orgy,Hip-Hop,data\fma_small\fma_small\095\095915.mp3,data\lyrics\Suicidal Rap Orgy - The Penis Lord _95915_.txt,genius
32001,Ginger,Twin Sister,Rock,data\fma_small\fma_small\032\032001.mp3,data\lyrics\Twin Sister - Ginger _32001_.txt,genius
98617,Mad Men,KINGS OF THE CITY,Hip-Hop,data\fma_small\fma_small\098\098617.mp3,data\lyrics\KINGS OF THE CITY - Mad Men _98617_.txt,genius
88858,The Vagabond,Josh Woodward,Folk,data\fma_small\fma_small\088\088858.mp3,data\lyrics\Josh Woodward - The Vagabond _88858_.txt,genius
54236,Thinking About You,Ivy,Pop,data\fma_small\fma_small\054\054236.mp3,data\lyrics\Ivy - Thinking About You _54236_.txt,genius
3910,Kodak Ghosts,Michael Chapman,Folk,data\fma_small\fma_small\003\003910.mp3,data\lyrics\Michael Chapman - Kodak Ghosts _3910_.txt,genius
83507,Betsy On The Roof,Julia Holter,Pop,data\fma_small\fma_small\083\083507.mp3,data\lyrics\Julia Holter - Betsy On The Roof _83507_.txt,genius
90652,A Lament,Wreck and Reference,Rock,data\fma_small\fma_small\090\090652.mp3,data\lyrics\Wreck and Reference - A Lament _90652_.txt,genius
88848,Gravity,Josh Woodward,Folk,data\fma_small\fma_small\088\088848.mp3,data\lyrics\Josh Woodward - Gravity _88848_.txt,genius
115944,Threnody,Myriam Gendron,Folk,data\fma_small\fma_small\115\115944.mp3,data\lyrics\Myriam Gendron - Threnody _115944_.txt,genius
113036,The Drop (Gung Who Version),Tickle,Hip-Hop,data\fma_small\fma_small\113\113036.mp3,data\lyrics\Tickle - The Drop _113036_.txt,genius
14743,Vicky's Box,Throwing Muses,Rock,data\fma_small\fma_small\014\014743.mp3,data\lyrics\Throwing Muses - Vicky_s Box _14743_.txt,genius
97587,Blessed Instant,Olivia Chaney,Folk,data\fma_small\fma_small\097\097587.mp3,data\lyrics\Olivia Chaney - Blessed Instant _97587_.txt,genius
88873,Cien Volando (No Vocals),Josh Woodward,Folk,data\fma_small\fma_small\088\088873.mp3,data\lyrics\Josh Woodward - Cien Volando _88873_.txt,genius
131016,Zombies,Pot-C,Hip-Hop,data\fma_small\fma_small\131\131016.mp3,data\lyrics\Pot-C - Zombies _131016_.txt,genius
14736,Hazing,Throwing Muses,Rock,data\fma_small\fma_small\014\014736.mp3,data\lyrics\Throwing Muses - Hazing _14736_.txt,genius
55122,Trace de break,Alaclair Ensemble,Hip-Hop,data\fma_small\fma_small\055\055122.mp3,data\lyrics\Alaclair Ensemble - Trace de break _55122_.txt,genius
98584,Relax (Prod. Joel Johnston),Hi-Rez,Hip-Hop,data\fma_small\fma_small\098\098584.mp3,data\lyrics\Hi-Rez - Relax _98584_.txt,genius
98622,The Devil,KINGS OF THE CITY,Hip-Hop,data\fma_small\fma_small\098\098622.mp3,data\lyrics\KINGS OF THE CITY - The Devil _98622_.txt,genius
103800,Game,DJ Def Chad,Hip-Hop,data\fma_small\fma_small\103\103800.mp3,data\lyrics\DJ Def Chad - Game _103800_.txt,genius
17735,Ecstatic Rite,Liturgy,Rock,data\fma_small\fma_small\017\017735.mp3,data\lyrics\Liturgy - Ecstatic Rite _17735_.txt,genius
62749,Heartbreaker,Jahzzar,Pop,data\fma_small\fma_small\062\062749.mp3,data\lyrics\Jahzzar - Heartbreaker _62749_.txt,genius
144181,Estalo os Dedos,Pulso,Hip-Hop,data\fma_small\fma_small\144\144181.mp3,data\lyrics\Pulso - Estalo os Dedos _144181_.txt,genius
98623,Dust at the Heel of Horror,KINGS OF THE CITY,Hip-Hop,data\fma_small\fma_small\098\098623.mp3,data\lyrics\KINGS OF THE CITY - Dust at the Heel of Horror _98623_.txt,genius
85973,Thin Veil,Seaven Teares,Folk,data\fma_small\fma_small\085\085973.mp3,data\lyrics\Seaven Teares - Thin Veil _85973_.txt,genius
2012,The White Mice,White Mice,Experimental,data\fma_small\fma_small\002\002012.mp3,data\lyrics\White Mice - The White Mice _2012_.txt,genius
107391,Mort! Mort! Mort!,Aussitôt Mort / MORT MORT MORT,Rock,data\fma_small\fma_small\107\107391.mp3,data\lyrics\Aussitôt Mort _ MORT MORT MORT - Mort_ Mort_ Mort_ _107391_.txt,genius
11264,My Fair Lady,David Byrne,Rock,data\fma_small\fma_small\011\011264.mp3,data\lyrics\David Byrne - My Fair Lady _11264_.txt,genius
71230,Kamikaze,J-K,Hip-Hop,data\fma_small\fma_small\071\071230.mp3,data\lyrics\J-K - Kamikaze _71230_.txt,genius
98585,Lost In Time (Intro) (Prod. by Instinctz Beats),Hi-Rez,Hip-Hop,data\fma_small\fma_small\098\098585.mp3,data\lyrics\Hi-Rez - Lost In Time _98585_.txt,genius
14740,Tar Kissers,Throwing Muses,Rock,data\fma_small\fma_small\014\014740.mp3,data\lyrics\Throwing Muses - Tar Kissers _14740_.txt,genius
138040,Seventeen,Massage,Pop,data\fma_small\fma_small\138\138040.mp3,data\lyrics\Massage - Seventeen _138040_.txt,genius
154413,Do Easy,Tasseomancy,Pop,data\fma_small\fma_small\154\154413.mp3,data\lyrics\Tasseomancy - Do Easy _154413_.txt,genius
127722,Aus,Andreas Woiger,Folk,data\fma_small\fma_small\127\127722.mp3,data\lyrics\Andreas Woiger - Aus _127722_.txt,genius
10672,Echoplex,Nine Inch Nails,Rock,data\fma_small\fma_small\010\010672.mp3,data\lyrics\Nine Inch Nails - Echoplex _10672_.txt,genius
124186,Bloodgod,Bloodgod,Rock,data\fma_small\fma_small\124\124186.mp3,data\lyrics\Bloodgod - Bloodgod _124186_.txt,genius
142949,Spells,Mrs. Magician,Rock,data\fma_small\fma_small\142\142949.mp3,data\lyrics\Mrs. Magician - Spells _142949_.txt,genius
121869,Sick Of You,The Britemores,Rock,data\fma_small\fma_small\121\121869.mp3,data\lyrics\The Britemores - Sick Of You _121869_.txt,genius
9555,Krait,Kristin Hersh,Rock,data\fma_small\fma_small\009\009555.mp3,data\lyrics\Kristin Hersh - Krait _9555_.txt,genius
37731,Limerick,Bardo Pond,Rock,data\fma_small\fma_small\037\037731.mp3,data\lyrics\Bardo Pond - Limerick _37731_.txt,genius
52951,Alabaster Queen,Marissa Nadler,Folk,data\fma_small\fma_small\052\052951.mp3,data\lyrics\Marissa Nadler - Alabaster Queen _52951_.txt,genius
142088,Stop and go,SK,Hip-Hop,data\fma_small\fma_small\142\142088.mp3,data\lyrics\SK - Stop and go _142088_.txt,genius
90625,Every Song I Sing,Nick Corbo,Folk,data\fma_small\fma_small\090\090625.mp3,data\lyrics\Nick Corbo - Every Song I Sing _90625_.txt,genius
26681,Latino,Disen Gage,Rock,data\fma_small\fma_small\026\026681.mp3,data\lyrics\Disen Gage - Latino _26681_.txt,genius
104010,Winter,Lille,Folk,data\fma_small\fma_small\104\104010.mp3,data\lyrics\Lille - Winter _104010_.txt,genius
98580,I Know (Prod. MVSIC),Hi-Rez,Hip-Hop,data\fma_small\fma_small\098\098580.mp3,data\lyrics\Hi-Rez - I Know _98580_.txt,genius
4782,Thing With a Hook,Half Japanese,Rock,data\fma_small\fma_small\004\004782.mp3,data\lyrics\Half Japanese - Thing With a Hook _4782_.txt,genius
14661,Re: Your Brains,Jonathan Coulton,Folk,data\fma_small\fma_small\014\014661.mp3,data\lyrics\Jonathan Coulton - Re_ Your Brains _14661_.txt,genius
33460,So Sick,Unrest,Rock,data\fma_small\fma_small\033\033460.mp3,data\lyrics\Unrest - So Sick _33460_.txt,genius
10671,Discipline,Nine Inch Nails,Rock,data\fma_small\fma_small\010\010671.mp3,data\lyrics\Nine Inch Nails - Discipline _10671_.txt,genius
107021,FASTLANE (avec Kaytranada),Alaclair Ensemble,Hip-Hop,data\fma_small\fma_small\107\107021.mp3,data\lyrics\Alaclair Ensemble - FASTLANE _107021_.txt,genius
51272,Summer Blood,Work Drugs,Pop,data\fma_small\fma_small\051\051272.mp3,data\lyrics\Work Drugs - Summer Blood _51272_.txt,genius
91934,Hold Fast,Zachary Cale,Folk,data\fma_small\fma_small\091\091934.mp3,data\lyrics\Zachary Cale - Hold Fast _91934_.txt,genius
6854,Lost in Your,Lior,Folk,data\fma_small\fma_small\006\006854.mp3,data\lyrics\Lior - Lost in Your _6854_.txt,genius
122806,bearded,The Carnys,Pop,data\fma_small\fma_small\122\122806.mp3,data\lyrics\The Carnys - bearded _122806_.txt,genius
67760,Rites Wild Theme,Rites Wild,Pop,data\fma_small\fma_small\067\067760.mp3,data\lyrics\Rites Wild - Rites Wild Theme _67760_.txt,genius
97589,La Jardinera,Olivia Chaney,Folk,data\fma_small\fma_small\097\097589.mp3,data\lyrics\Olivia Chaney - La Jardinera _97589_.txt,genius
107028,VIEUX KNOWL (avec Jam),Alaclair Ensemble,Hip-Hop,data\fma_small\fma_small\107\107028.mp3,data\lyrics\Alaclair Ensemble - VIEUX KNOWL _107028_.txt,genius
9560,Fortune,Kristin Hersh,Rock,data\fma_small\fma_small\009\009560.mp3,data\lyrics\Kristin Hersh - Fortune _9560_.txt,genius
78833,Akuma,Stray,Hip-Hop,data\fma_small\fma_small\078\078833.mp3,data\lyrics\Stray - Akuma _78833_.txt,genius
15210,Go Away,Seven,Hip-Hop,data\fma_small\fma_small\015\015210.mp3,data\lyrics\Seven - Go Away _15210_.txt,genius
126400,Terminally in Love With You,Shy Kids,Pop,data\fma_small\fma_small\126\126400.mp3,data\lyrics\Shy Kids - Terminally in Love With You _126400_.txt,genius
4799,I've Got a Love,Harvey Milk,Rock,data\fma_small\fma_small\004\004799.mp3,data\lyrics\Harvey Milk - I_ve Got a Love _4799_.txt,genius
50543,Lazarus,The Men,Rock,data\fma_small\fma_small\050\050543.mp3,data\lyrics\The Men - Lazarus _50543_.txt,genius
98620,Forest of Babylon,KINGS OF THE CITY,Hip-Hop,data\fma_small\fma_small\098\098620.mp3,data\lyrics\KINGS OF THE CITY - Forest of Babylon _98620_.txt,genius
18144,cocktail lady,Funky Terrorist,Pop,data\fma_small\fma_small\018\018144.mp3,data\lyrics\Funky Terrorist - cocktail lady _18144_.txt,genius
66648,Jungle,The Suzan,Pop,data\fma_small\fma_small\066\066648.mp3,data\lyrics\The Suzan - Jungle _66648_.txt,genius
108031,Happy Birthday,Wann,Rock,data\fma_small\fma_small\108\108031.mp3,data\lyrics\Wann - Happy Birthday _108031_.txt,genius
88875,But It Did (No Vocals),Josh Woodward,Folk,data\fma_small\fma_small\088\088875.mp3,data\lyrics\Josh Woodward - But It Did _88875_.txt,genius
109349,Pride,intouch,Rock,data\fma_small\fma_small\109\109349.mp3,data\lyrics\intouch - Pride _109349_.txt,genius
71240,One Take (Intro),Dengaz,Hip-Hop,data\fma_small\fma_small\071\071240.mp3,data\lyrics\Dengaz - One Take _71240_.txt,genius
54234,Suspicious,Ivy,Pop,data\fma_small\fma_small\054\054234.mp3,data\lyrics\Ivy - Suspicious _54234_.txt,genius
10,Freeway,Kurt Vile,Pop,data\fma_small\fma_small\000\000010.mp3,data\lyrics\Kurt Vile - Freeway _10_.txt,genius
35539,Oh Oh Oh,Lorenzo's Music,Rock,data\fma_small\fma_small\035\035539.mp3,data\lyrics\Lorenzo_s Music - Oh Oh Oh _35539_.txt,genius
2,Food,AWOL,Hip-Hop,data\fma_small\fma_small\000\000002.mp3,data\lyrics\AWOL - Food _2_.txt,genius
32687,You and Me,transient,Hip-Hop,data\fma_small\fma_small\032\032687.mp3,data\lyrics\transient - You and Me _32687_.txt,genius
108457,Dear Pressure,Miracles of Modern Science,Pop,data\fma_small\fma_small\108\108457.mp3,data\lyrics\Miracles of Modern Science - Dear Pressure _108457_.txt,genius
88870,Methylchloroisothiazolinone (No Vocals),Josh Woodward,Folk,data\fma_small\fma_small\088\088870.mp3,data\lyrics\Josh Woodward - Methylchloroisothiazolinone _88870_.txt,genius
84152,Haka,Sikhara,Experimental,data\fma_small\fma_small\084\084152.mp3,data\lyrics\Sikhara - Haka _84152_.txt,genius
11306,Inspiration,Abunai!,Rock,data\fma_small\fma_small\011\011306.mp3,data\lyrics\Abunai_ - Inspiration _11306_.txt,genius
112252,Capullo,Anamoli,Folk,data\fma_small\fma_small\112\112252.mp3,data\lyrics\Anamoli - Capullo _112252_.txt,genius
88876,Nincompoop (No Vocals),Josh Woodward,Folk,data\fma_small\fma_small\088\088876.mp3,data\lyrics\Josh Woodward - Nincompoop _88876_.txt,genius
121866,Perfect Day,The Britemores,Rock,data\fma_small\fma_small\121\121866.mp3,data\lyrics\The Britemores - Perfect Day _121866_.txt,genius
78834,O Demónio,Stray,Hip-Hop,data\fma_small\fma_small\078\078834.mp3,data\lyrics\Stray - O Demónio _78834_.txt,genius
149100,Ambulance,Coco Morier,Pop,data\fma_small\fma_small\149\149100.mp3,data\lyrics\Coco Morier - Ambulance _149100_.txt,genius
98613,Listen To The Old Man,KINGS OF THE CITY,Hip-Hop,data\fma_small\fma_small\098\098613.mp3,data\lyrics\KINGS OF THE CITY - Listen To The Old Man _98613_.txt,genius
12526,Time (Reprise) (Closing Credits),Virtu-oso,Hip-Hop,data\fma_small\fma_small\012\012526.mp3,data\lyrics\Virtu-oso - Time _12526_.txt,genius
144543,Lily Moon (Acoustic),Wildlight,Folk,data\fma_small\fma_small\144\144543.mp3,data\lyrics\Wildlight - Lily Moon _144543_.txt,genius
142948,Forgiveness,Mrs. Magician,Rock,data\fma_small\fma_small\142\142948.mp3,data\lyrics\Mrs. Magician - Forgiveness _142948_.txt,genius
51265,City Lights,Skeleton Hands,Pop,data\fma_small\fma_small\051\051265.mp3,data\lyrics\Skeleton Hands - City Lights _51265_.txt,genius
52954,Wind Up Doll,Marissa Nadler,Folk,data\fma_small\fma_small\052\052954.mp3,data\lyrics\Marissa Nadler - Wind Up Doll _52954_.txt,genius
138064,Down,Black Flamingo,Pop,data\fma_small\fma_small\138\138064.mp3,data\lyrics\Black Flamingo - Down _138064_.txt,genius
9511,Message From the Law,Sic Alps,Rock,data\fma_small\fma_small\009\009511.mp3,data\lyrics\Sic Alps - Message From the Law _9511_.txt,genius
1039,13 Monsters,Lightning Bolt,Rock,data\fma_small\fma_small\001\001039.mp3,data\lyrics\Lightning Bolt - 13 Monsters _1039_.txt,genius
57178,"NO (Midi #2: Camille/""Modern Music Mix"")",Skeletons,Pop,data\fma_small\fma_small\057\057178.mp3,data\lyrics\Skeletons - NO _57178_.txt,genius
138017,Sober Trip,Pierce,Folk,data\fma_small\fma_small\138\138017.mp3,data\lyrics\Pierce - Sober Trip _138017_.txt,genius
55120,Patate chaude,Alaclair Ensemble,Hip-Hop,data\fma_small\fma_small\055\055120.mp3,data\lyrics\Alaclair Ensemble - Patate chaude _55120_.txt,genius
148168,Bahia,Prince Rama,Experimental,data\fma_small\fma_small\148\148168.mp3,data\lyrics\Prince Rama - Bahia _148168_.txt,genius
88871,Omaha (No Vocals),Josh Woodward,Folk,data\fma_small\fma_small\088\088871.mp3,data\lyrics\Josh Woodward - Omaha _88871_.txt,genius
84155,The Pretty One,Laura Stevenson and the Cans,Folk,data\fma_small\fma_small\084\084155.mp3,data\lyrics\Laura Stevenson and the Cans - The Pretty One _84155_.txt,genius
28477,Feel It,The Pop Winds,Pop,data\fma_small\fma_small\028\028477.mp3,data\lyrics\The Pop Winds - Feel It _28477_.txt,genius
83717,Ninety Six,Cullah,Hip-Hop,data\fma_small\fma_small\083\083717.mp3,data\lyrics\Cullah - Ninety Six _83717_.txt,genius
35541,After All That's Happened,Lorenzo's Music,Rock,data\fma_small\fma_small\035\035541.mp3,data\lyrics\Lorenzo_s Music - After All That_s Happened _35541_.txt,genius
27550,Sepasang Kekasih Yang Pertama Bercinta Di Luar Angkasa,Frau,Pop,data\fma_small\fma_small\027\027550.mp3,data\lyrics\Frau - Sepasang Kekasih Yang Pertama Bercinta Di Luar Angkasa _27550_.txt,genius
122798,singaling,The Carnys,Pop,data\fma_small\fma_small\122\122798.mp3,data\lyrics\The Carnys - singaling _122798_.txt,genius
130349,Paradise,Goddess,Folk,data\fma_small\fma_small\130\130349.mp3,data\lyrics\Goddess - Paradise _130349_.txt,genius
52502,To Be Free,Kalli,Folk,data\fma_small\fma_small\052\052502.mp3,data\lyrics\Kalli - To Be Free _52502_.txt,genius
75194,Stay,Sanawon,Pop,data\fma_small\fma_small\075\075194.mp3,data\lyrics\Sanawon - Stay _75194_.txt,genius
138071,Black Bird,Black Flamingo,Pop,data\fma_small\fma_small\138\138071.mp3,data\lyrics\Black Flamingo - Black Bird _138071_.txt,genius
6448,Please Listen To My Demo,EPMD,Hip-Hop,data\fma_small\fma_small\006\006448.mp3,data\lyrics\EPMD - Please Listen To My Demo _6448_.txt,genius
67367,Random Pop,Poland,Pop,data\fma_small\fma_small\067\067367.mp3,data\lyrics\Poland - Random Pop _67367_.txt,genius
107025,STM LIGNE MAUVE PART 1,Alaclair Ensemble,Hip-Hop,data\fma_small\fma_small\107\107025.mp3,data\lyrics\Alaclair Ensemble - STM LIGNE MAUVE PART 1 _107025_.txt,genius
55402,Total Decay,The Soft Moon,Rock,data\fma_small\fma_small\055\055402.mp3,data\lyrics\The Soft Moon - Total Decay _55402_.txt,genius
63208,The Road Is Paved With Leaves,Larkin Grimm,Folk,data\fma_small\fma_small\063\063208.mp3,data\lyrics\Larkin Grimm - The Road Is Paved With Leaves _63208_.txt,genius
95248,Go,Valley Lodge,Rock,data\fma_small\fma_small\095\095248.mp3,data\lyrics\Valley Lodge - Go _95248_.txt,genius
108299,Intro,Carter Behnke,Folk,data\fma_small\fma_small\108\108299.mp3,data\lyrics\Carter Behnke - Intro _108299_.txt,genius
24420,1982,Black Ant,Hip-Hop,data\fma_small\fma_small\024\024420.mp3,data\lyrics\Black Ant - 1982 _24420_.txt,genius
36983,B.,Black Ant,Hip-Hop,data\fma_small\fma_small\036\036983.mp3,data\lyrics\Black Ant - B. _36983_.txt,genius
88869,Gallows Hill (No Vocals),Josh Woodward,Folk,data\fma_small\fma_small\088\088869.mp3,data\lyrics\Josh Woodward - Gallows Hill _88869_.txt,genius
72136,Rappers (Part 7),C-Doc,Hip-Hop,data\fma_small\fma_small\072\072136.mp3,data\lyrics\C-Doc - Rappers _72136_.txt,genius
120183,Graduation Day,Math and Physics Club,Pop,data\fma_small\fma_small\120\120183.mp3,data\lyrics\Math and Physics Club - Graduation Day _120183_.txt,genius
19685,Phantoms,Paik,Rock,data\fma_small\fma_small\019\019685.mp3,data\lyrics\Paik - Phantoms _19685_.txt,genius
98577,Momma Ft. Kyle B (Prod. A-Rayz),Hi-Rez,Hip-Hop,data\fma_small\fma_small\098\098577.mp3,data\lyrics\Hi-Rez - Momma Ft. Kyle B _98577_.txt,genius
27799,Elevator,Ms.Vybe,Hip-Hop,data\fma_small\fma_small\027\027799.mp3,data\lyrics\Ms.Vybe - Elevator _27799_.txt,genius
148099,I love you (B-side),L.D.I.,Experimental,data\fma_small\fma_small\148\148099.mp3,data\lyrics\L.D.I. - I love you _148099_.txt,genius
96696,My Boat,Melissa Laveaux,Folk,data\fma_small\fma_small\096\096696.mp3,data\lyrics\Melissa Laveaux - My Boat _96696_.txt,genius
127912,Incandescent,Gingerlys,Pop,data\fma_small\fma_small\127\127912.mp3,data\lyrics\Gingerlys - Incandescent _127912_.txt,genius
127279,Don't Fall Asleep,Myndra,Pop,data\fma_small\fma_small\127\127279.mp3,data\lyrics\Myndra - Don_t Fall Asleep _127279_.txt,genius
88878,Gravity (No Vocals),Josh Woodward,Folk,data\fma_small\fma_small\088\088878.mp3,data\lyrics\Josh Woodward - Gravity _88878_.txt,genius
98579,Never Enough Ft. Kinetics (Prod. Cherne),Hi-Rez,Hip-Hop,data\fma_small\fma_small\098\098579.mp3,data\lyrics\Hi-Rez - Never Enough Ft. Kinetics _98579_.txt,genius
20469,La nascita del tragicomico HipHop dallo spirito degli speaker,ZONA MC,Hip-Hop,data\fma_small\fma_small\020\020469.mp3,data\lyrics\ZONA MC - La nascita del tragicomico HipHop dallo spirito degli speaker _20469_.txt,genius
57078,Lirik Untuk Lagu Pop,Belkastrelka,Pop,data\fma_small\fma_small\057\057078.mp3,data\lyrics\Belkastrelka - Lirik Untuk Lagu Pop _57078_.txt,genius
127559,High Hopes,Droopies,Rock,data\fma_small\fma_small\127\127559.mp3,data\lyrics\Droopies - High Hopes _127559_.txt,genius
105914,Cold Steel,Matt Sowell,Folk,data\fma_small\fma_small\105\105914.mp3,data\lyrics\Matt Sowell - Cold Steel _105914_.txt,genius
55121,Fa' faire du loot,Alaclair Ensemble,Hip-Hop,data\fma_small\fma_small\055\055121.mp3,data\lyrics\Alaclair Ensemble - Fa_ faire du loot _55121_.txt,genius
22094,I Remember When,Gates,Hip-Hop,data\fma_small\fma_small\022\022094.mp3,data\lyrics\Gates - I Remember When _22094_.txt,genius
129910,In Da Trap,Dollar Boyz,Hip-Hop,data\fma_small\fma_small\129\129910.mp3,data\lyrics\Dollar Boyz - In Da Trap _129910_.txt,genius
3725,West Alabama,Indian Jewelry,Rock,data\fma_small\fma_small\003\003725.mp3,data\lyrics\Indian Jewelry - West Alabama _3725_.txt,genius
121570,Japanese Vacation,Spider Bags,Rock,data\fma_small\fma_small\121\121570.mp3,data\lyrics\Spider Bags - Japanese Vacation _121570_.txt,genius
10541,.,Sports bra,Experimental,data\fma_small\fma_small\010\010541.mp3,data\lyrics\Sports bra - . _10541_.txt,genius
88877,Insomnia (No Vocals),Josh Woodward,Folk,data\fma_small\fma_small\088\088877.mp3,data\lyrics\Josh Woodward - Insomnia _88877_.txt,genius
118986,Mana,Bagat,Experimental,data\fma_small\fma_small\118\118986.mp3,data\lyrics\Bagat - Mana _118986_.txt,genius
10383,Graceless Lady,Big Blood,Folk,data\fma_small\fma_small\010\010383.mp3,data\lyrics\Big Blood - Graceless Lady _10383_.txt,genius
107029,VARIETTE (avec Jam),Alaclair Ensemble,Hip-Hop,data\fma_small\fma_small\107\107029.mp3,data\lyrics\Alaclair Ensemble - VARIETTE _107029_.txt,genius
142089,The Statement,SK,Hip-Hop,data\fma_small\fma_small\142\142089.mp3,data\lyrics\SK - The Statement _142089_.txt,genius
142132,Sometimes,Brigid Mae Power,Folk,data\fma_small\fma_small\142\142132.mp3,data\lyrics\Brigid Mae Power - Sometimes _142132_.txt,genius
87152,Angel,Still Pluto,Rock,data\fma_small\fma_small\087\087152.mp3,data\lyrics\Still Pluto - Angel _87152_.txt,genius
149369,Never Change,K.I.R.K,Hip-Hop,data\fma_small\fma_small\149\149369.mp3,data\lyrics\K.I.R.K - Never Change _149369_.txt,genius
89447,One Way Ticket (Featuring Tab & D Spliff),Anitek,Hip-Hop,data\fma_small\fma_small\089\089447.mp3,data\lyrics\Anitek - One Way Ticket _89447_.txt,genius
128448,Low,Lorenzo's Music,Rock,data\fma_small\fma_small\128\128448.mp3,data\lyrics\Lorenzo_s Music - Low _128448_.txt,genius
116514,R.A.H.M.A.V.N. [221],SULCUS,Experimental,data\fma_small\fma_small\116\116514.mp3,data\lyrics\SULCUS - R.A.H.M.A.V.N. _116514_.txt,genius
1277,No Business,Negativland,Experimental,data\fma_small\fma_small\001\001277.mp3,data\lyrics\Negativland - No Business _1277_.txt,genius
148518,Side By Side,Carroll,Pop,data\fma_small\fma_small\148\148518.mp3,data\lyrics\Carroll - Side By Side _148518_.txt,genius
5006,"So Long, Silver Lining",New Bomb Turks,Rock,data\fma_small\fma_small\005\005006.mp3,data\lyrics\New Bomb Turks - So Long_ Silver Lining _5006_.txt,genius
108036,Mr. White,Wann,Rock,data\fma_small\fma_small\108\108036.mp3,data\lyrics\Wann - Mr. White _108036_.txt,genius
41191,Candyboy,Weyes Blood,Folk,data\fma_small\fma_small\041\041191.mp3,data\lyrics\Weyes Blood - Candyboy _41191_.txt,genius
19441,Resolutions (Chris Summer Remix),Entertainment for the Braindead,Pop,data\fma_small\fma_small\019\019441.mp3,data\lyrics\Entertainment for the Braindead - Resolutions _19441_.txt,genius
51271,Catcher In The Rye,Azure Blue,Pop,data\fma_small\fma_small\051\051271.mp3,data\lyrics\Azure Blue - Catcher In The Rye _51271_.txt,genius
97043,Make Me Worse,KINGS OF THE CITY,Hip-Hop,data\fma_small\fma_small\097\097043.mp3,data\lyrics\KINGS OF THE CITY - Make Me Worse _97043_.txt,genius
90590,Cage (bonus),Pilesar,Pop,data\fma_small\fma_small\090\090590.mp3,data\lyrics\Pilesar - Cage _90590_.txt,genius
7490,Follow That,BrokeMC,Hip-Hop,data\fma_small\fma_small\007\007490.mp3,data\lyrics\BrokeMC - Follow That _7490_.txt,genius
111938,Not Without a Fight,Ebsa,Hip-Hop,data\fma_small\fma_small\111\111938.mp3,data\lyrics\Ebsa - Not Without a Fight _111938_.txt,genius
98627,Rosalita,KINGS OF THE CITY,Hip-Hop,data\fma_small\fma_small\098\098627.mp3,data\lyrics\KINGS OF THE CITY - Rosalita _98627_.txt,genius
144547,Crucible (Acoustic),Wildlight,Folk,data\fma_small\fma_small\144\144547.mp3,data\lyrics\Wildlight - Crucible _144547_.txt,genius
98583,The Remedy (Prod. Joel Johnston),Hi-Rez,Hip-Hop,data\fma_small\fma_small\098\098583.mp3,data\lyrics\Hi-Rez - The Remedy _98583_.txt,genius
44792,Spaceman,The Moot,Experimental,data\fma_small\fma_small\044\044792.mp3,data\lyrics\The Moot - Spaceman _44792_.txt,genius
92574,We'll meet again,Reier,Experimental,data\fma_small\fma_small\092\092574.mp3,data\lyrics\Reier - We_ll meet again _92574_.txt,genius
16337,Falling,Twizzle,Pop,data\fma_small\fma_small\016\016337.mp3,data\lyrics\Twizzle - Falling _16337_.txt,genius
7491,broke Pimpin,BrokeMC,Hip-Hop,data\fma_small\fma_small\007\007491.mp3,data\lyrics\BrokeMC - broke Pimpin _7491_.txt,genius
71243,Encontrei (feat. Agir),Dengaz,Hip-Hop,data\fma_small\fma_small\071\071243.mp3,data\lyrics\Dengaz - Encontrei _71243_.txt,genius
200,Baby Come Home,Ed Askew,Folk,data\fma_small\fma_small\000\000200.mp3,data\lyrics\Ed Askew - Baby Come Home _200_.txt,genius
119095,Hip Hip Hop,FortyOne,Experimental,data\fma_small\fma_small\119\119095.mp3,data\lyrics\FortyOne - Hip Hip Hop _119095_.txt,genius
55709,11,et_,Rock,data\fma_small\fma_small\055\055709.mp3,data\lyrics\et_ - 11 _55709_.txt,genius
46024,Beggin' Dogs,Obits,Rock,data\fma_small\fma_small\046\046024.mp3,data\lyrics\Obits - Beggin_ Dogs _46024_.txt,genius
88868,But It Did,Josh Woodward,Folk,data\fma_small\fma_small\088\088868.mp3,data\lyrics\Josh Woodward - But It Did _88868_.txt,genius
30050,Accordion,Cullah,Hip-Hop,data\fma_small\fma_small\030\030050.mp3,data\lyrics\Cullah - Accordion _30050_.txt,genius
105683,Intro,Clipping,Hip-Hop,data\fma_small\fma_small\105\105683.mp3,data\lyrics\Clipping - Intro _105683_.txt,genius
84290,Slipping Away,Mudhoney,Rock,data\fma_small\fma_small\084\084290.mp3,data\lyrics\Mudhoney - Slipping Away _84290_.txt,genius
95911,blood clot lunch,Suicidal Rap Orgy,Hip-Hop,data\fma_small\fma_small\095\095911.mp3,data\lyrics\Suicidal Rap Orgy - blood clot lunch _95911_.txt,genius
90695,Percuté,Aussitôt Mort,Rock,data\fma_small\fma_small\090\090695.mp3,data\lyrics\Aussitôt Mort - Percuté _90695_.txt,genius
123441,Thrashin,The Dread,Hip-Hop,data\fma_small\fma_small\123\123441.mp3,data\lyrics\The Dread - Thrashin _123441_.txt,genius
126430,-,Shy and the Fight,Pop,data\fma_small\fma_small\126\126430.mp3,data\lyrics\Shy and the Fight - - _126430_.txt,genius
19074,The Great Defector,Bell X1,Pop,data\fma_small\fma_small\019\019074.mp3,data\lyrics\Bell X1 - The Great Defector _19074_.txt,genius
65752,ExplosiON,Alaclair Ensemble,Hip-Hop,data\fma_small\fma_small\065\065752.mp3,data\lyrics\Alaclair Ensemble - ExplosiON _65752_.txt,genius
83439,Lying To You,Keaton Henson,Folk,data\fma_small\fma_small\083\083439.mp3,data\lyrics\Keaton Henson - Lying To You _83439_.txt,genius
24421,Black Ant,Black Ant,Hip-Hop,data\fma_small\fma_small\024\024421.mp3,data\lyrics\Black Ant - Black Ant _24421_.txt,genius
3533,New Spell,Cryptacize,Pop,data\fma_small\fma_small\003\003533.mp3,data\lyrics\Cryptacize - New Spell _3533_.txt,genius
63043,"Dont Talk, Just Kiss",The Wedding Present,Rock,data\fma_small\fma_small\063\063043.mp3,data\lyrics\The Wedding Present - Dont Talk_ Just Kiss _63043_.txt,genius
93074,Spirit First,Levi Weaver,Folk,data\fma_small\fma_small\093\093074.mp3,data\lyrics\Levi Weaver - Spirit First _93074_.txt,genius
52947,Little King,Marissa Nadler,Folk,data\fma_small\fma_small\052\052947.mp3,data\lyrics\Marissa Nadler - Little King _52947_.txt,genius
138041,Lydia,Massage,Pop,data\fma_small\fma_small\138\138041.mp3,data\lyrics\Massage - Lydia _138041_.txt,genius
95249,Kiss Me I'm Drunk,Valley Lodge,Rock,data\fma_small\fma_small\095\095249.mp3,data\lyrics\Valley Lodge - Kiss Me I_m Drunk _95249_.txt,genius
47895,Malta,Superhumanoids,Pop,data\fma_small\fma_small\047\047895.mp3,data\lyrics\Superhumanoids - Malta _47895_.txt,genius
71245,If You Gonna Be There (feat. Celso Opp),Dengaz,Hip-Hop,data\fma_small\fma_small\071\071245.mp3,data\lyrics\Dengaz - If You Gonna Be There _71245_.txt,genius
56495,Aggression,Opio,Hip-Hop,data\fma_small\fma_small\056\056495.mp3,data\lyrics\Opio - Aggression _56495_.txt,genius
105717,Hammer,Sam Moss,Folk,data\fma_small\fma_small\105\105717.mp3,data\lyrics\Sam Moss - Hammer _105717_.txt,genius
129972,Mettle,Pipe Choir,Rock,data\fma_small\fma_small\129\129972.mp3,data\lyrics\Pipe Choir - Mettle _129972_.txt,genius
31999,I Want a House,Twin Sister,Rock,data\fma_small\fma_small\031\031999.mp3,data\lyrics\Twin Sister - I Want a House _31999_.txt,genius
83437,You Don't Know How Lucky You Are,Keaton Henson,Folk,data\fma_small\fma_small\083\083437.mp3,data\lyrics\Keaton Henson - You Don_t Know How Lucky You Are _83437_.txt,genius
134981,Growing Up (pt.2),talons',Folk,data\fma_small\fma_small\134\134981.mp3,data\lyrics\talons_ - Growing Up _134981_.txt,genius
142129,It's Clearing Now,Brigid Mae Power,Folk,data\fma_small\fma_small\142\142129.mp3,data\lyrics\Brigid Mae Power - It_s Clearing Now _142129_.txt,genius
18145,2 scratchy 2 dance,Funky Terrorist,Pop,data\fma_small\fma_small\018\018145.mp3,data\lyrics\Funky Terrorist - 2 scratchy 2 dance _18145_.txt,genius
10993,Oh Country (Skin &amp; Bones),Big Blood,Folk,data\fma_small\fma_small\010\010993.mp3,data\lyrics\Big Blood - Oh Country _10993_.txt,genius
104066,Hoje Aprendi de Verdade,Boogarins,Pop,data\fma_small\fma_small\104\104066.mp3,data\lyrics\Boogarins - Hoje Aprendi de Verdade _104066_.txt,genius
74374,O Holy Night,Roslyn,Experimental,data\fma_small\fma_small\074\074374.mp3,data\lyrics\Roslyn - O Holy Night _74374_.txt,genius
38363,Conclusion,A Way,Folk,data\fma_small\fma_small\038\038363.mp3,data\lyrics\A Way - Conclusion _38363_.txt,genius
821,Sir,Hecuba,Pop,data\fma_small\fma_small\000\000821.mp3,data\lyrics\Hecuba - Sir _821_.txt,genius
66783,Candy City,Supercute,Pop,data\fma_small\fma_small\066\066783.mp3,data\lyrics\Supercute - Candy City _66783_.txt,genius
49030,Under The Sun,Mia Doi Todd,Folk,data\fma_small\fma_small\049\049030.mp3,data\lyrics\Mia Doi Todd - Under The Sun _49030_.txt,genius
127913,See You Cry,Gingerlys,Pop,data\fma_small\fma_small\127\127913.mp3,data\lyrics\Gingerlys - See You Cry _127913_.txt,genius
55719,Children,et_,Rock,data\fma_small\fma_small\055\055719.mp3,data\lyrics\et_ - Children _55719_.txt,genius
64629,Rock,Blank & Kytt,Hip-Hop,data\fma_small\fma_small\064\064629.mp3,data\lyrics\Blank _ Kytt - Rock _64629_.txt,genius
121312,cloud cover,Coin Locker Kid,Hip-Hop,data\fma_small\fma_small\121\121312.mp3,data\lyrics\Coin Locker Kid - cloud cover _121312_.txt,genius
4835,Steak,Peelander-Z,Rock,data\fma_small\fma_small\004\004835.mp3,data\lyrics\Peelander-Z - Steak _4835_.txt,genius
14541,Different,Opio,Hip-Hop,data\fma_small\fma_small\014\014541.mp3,data\lyrics\Opio - Different _14541_.txt,genius
63045,Brassneck,The Wedding Present,Rock,data\fma_small\fma_small\063\063045.mp3,data\lyrics\The Wedding Present - Brassneck _63045_.txt,genius
18112,Bardos,Sikhara,Experimental,data\fma_small\fma_small\018\018112.mp3,data\lyrics\Sikhara - Bardos _18112_.txt,genius
3707,Stable the Spuds,Gary Higgins,Folk,data\fma_small\fma_small\003\003707.mp3,data\lyrics\Gary Higgins - Stable the Spuds _3707_.txt,genius
32686,Class,transient,Hip-Hop,data\fma_small\fma_small\032\032686.mp3,data\lyrics\transient - Class _32686_.txt,genius
108460,The Singularity,Miracles of Modern Science,Pop,data\fma_small\fma_small\108\108460.mp3,data\lyrics\Miracles of Modern Science - The Singularity _108460_.txt,genius
111658,awake,springtide,Rock,data\fma_small\fma_small\111\111658.mp3,data\lyrics\springtide - awake _111658_.txt,genius
36959,Facing the Sea (Album Version),Garmisch,Pop,data\fma_small\fma_small\036\036959.mp3,data\lyrics\Garmisch - Facing the Sea _36959_.txt,genius
107031,POUR TOI STIVON,Alaclair Ensemble,Hip-Hop,data\fma_small\fma_small\107\107031.mp3,data\lyrics\Alaclair Ensemble - POUR TOI STIVON _107031_.txt,genius
3906,Sometimes,Michael Chapman,Folk,data\fma_small\fma_small\003\003906.mp3,data\lyrics\Michael Chapman - Sometimes _3906_.txt,genius
17345,Pop song,No Nature,Pop,data\fma_small\fma_small\017\017345.mp3,data\lyrics\No Nature - Pop song _17345_.txt,genius
104668,Undone,BIG BUG,Rock,data\fma_small\fma_small\104\104668.mp3,data\lyrics\BIG BUG - Undone _104668_.txt,genius
36986,Sleep.,Black Ant,Hip-Hop,data\fma_small\fma_small\036\036986.mp3,data\lyrics\Black Ant - Sleep. _36986_.txt,genius
57661,Hip Hop Hooray,Shark?,Rock,data\fma_small\fma_small\057\057661.mp3,data\lyrics\Shark_ - Hip Hop Hooray _57661_.txt,genius
9553,Morning Birds,Kristin Hersh,Rock,data\fma_small\fma_small\009\009553.mp3,data\lyrics\Kristin Hersh - Morning Birds _9553_.txt,genius
47916,Plumy Tale,Dumbo Gets Mad,Rock,data\fma_small\fma_small\047\047916.mp3,data\lyrics\Dumbo Gets Mad - Plumy Tale _47916_.txt,genius
127911,Elsewhere,Gingerlys,Pop,data\fma_small\fma_small\127\127911.mp3,data\lyrics\Gingerlys - Elsewhere _127911_.txt,genius
109481,Sick Joke,Doom,Rock,data\fma_small\fma_small\109\109481.mp3,data\lyrics\Doom - Sick Joke _109481_.txt,genius
69188,Sheep,Samoln,Pop,data\fma_small\fma_small\069\069188.mp3,data\lyrics\Samoln - Sheep _69188_.txt,genius
110230,First Ordeal,Host,Experimental,data\fma_small\fma_small\110\110230.mp3,data\lyrics\Host - First Ordeal _110230_.txt,genius
123099,I'll Make You Mine,Joanna Sternberg,Folk,data\fma_small\fma_small\123\123099.mp3,data\lyrics\Joanna Sternberg - I_ll Make You Mine _123099_.txt,genius
38961,Feel It,The Pop Winds,Pop,data\fma_small\fma_small\038\038961.mp3,data\lyrics\The Pop Winds - Feel It _38961_.txt,genius
112586,Leave My Nuts Alone,Simon Panrucker,Experimental,data\fma_small\fma_small\112\112586.mp3,data\lyrics\Simon Panrucker - Leave My Nuts Alone _112586_.txt,genius
7711,The Way,Mia Doi Todd,Folk,data\fma_small\fma_small\007\007711.mp3,data\lyrics\Mia Doi Todd - The Way _7711_.txt,genius
28260,Leave You Forever,Cloud Nothings,Rock,data\fma_small\fma_small\028\028260.mp3,data\lyrics\Cloud Nothings - Leave You Forever _28260_.txt,genius
16163,11:11,Christopher Joel,Pop,data\fma_small\fma_small\016\016163.mp3,data\lyrics\Christopher Joel - 11_11 _16163_.txt,genius
137740,We Ride,Rye Coalition,Rock,data\fma_small\fma_small\137\137740.mp3,data\lyrics\Rye Coalition - We Ride _137740_.txt,genius
84157,Nervous Rex,Laura Stevenson and the Cans,Folk,data\fma_small\fma_small\084\084157.mp3,data\lyrics\Laura Stevenson and the Cans - Nervous Rex _84157_.txt,genius
115948,Solace,Myriam Gendron,Folk,data\fma_small\fma_small\115\115948.mp3,data\lyrics\Myriam Gendron - Solace _115948_.txt,genius
88874,The Raven and the Swan (No Vocals),Josh Woodward,Folk,data\fma_small\fma_small\088\088874.mp3,data\lyrics\Josh Woodward - The Raven and the Swan _88874_.txt,genius
98621,Haribos,KINGS OF THE CITY,Hip-Hop,data\fma_small\fma_small\098\098621.mp3,data\lyrics\KINGS OF THE CITY - Haribos _98621_.txt,genius
52041,Wooded Land,Poland,Pop,data\fma_small\fma_small\052\052041.mp3,data\lyrics\Poland - Wooded Land _52041_.txt,genius
7872,Saved,Boss Hog,Rock,data\fma_small\fma_small\007\007872.mp3,data\lyrics\Boss Hog - Saved _7872_.txt,genius
142087,Runnin out of time,SK,Hip-Hop,data\fma_small\fma_small\142\142087.mp3,data\lyrics\SK - Runnin out of time _142087_.txt,genius
56493,Yeah,Opio,Hip-Hop,data\fma_small\fma_small\056\056493.mp3,data\lyrics\Opio - Yeah _56493_.txt,genius
149101,Am I Normal,Coco Morier,Pop,data\fma_small\fma_small\149\149101.mp3,data\lyrics\Coco Morier - Am I Normal _149101_.txt,genius
26035,For You,Cvees,Hip-Hop,data\fma_small\fma_small\026\026035.mp3,data\lyrics\Cvees - For You _26035_.txt,genius
52946,Wedding,Marissa Nadler,Folk,data\fma_small\fma_small\052\052946.mp3,data\lyrics\Marissa Nadler - Wedding _52946_.txt,genius
107476,Piano Piano,CRTVTR,Rock,data\fma_small\fma_small\107\107476.mp3,data\lyrics\CRTVTR - Piano Piano _107476_.txt,genius
52039,Sea Woof,Poland,Pop,data\fma_small\fma_small\052\052039.mp3,data\lyrics\Poland - Sea Woof _52039_.txt,genius
49029,Summer Lover,Mia Doi Todd,Folk,data\fma_small\fma_small\049\049029.mp3,data\lyrics\Mia Doi Todd - Summer Lover _49029_.txt,genius
16155,Nihilist,JJM,Pop,data\fma_small\fma_small\016\016155.mp3,data\lyrics\JJM - Nihilist _16155_.txt,genius
111335,springtide,springtide,Rock,data\fma_small\fma_small\111\111335.mp3,data\lyrics\springtide - springtide _111335_.txt,genius
136054,Vertigo,Sinapsi,Rock,data\fma_small\fma_small\136\136054.mp3,data\lyrics\Sinapsi - Vertigo _136054_.txt,genius
69904,Engano Seu,Oddish,Hip-Hop,data\fma_small\fma_small\069\069904.mp3,data\lyrics\Oddish - Engano Seu _69904_.txt,genius
141180,Stay (Raspatory Remix),Simple CUT,Pop,data\fma_small\fma_small\141\141180.mp3,data\lyrics\Simple CUT - Stay _141180_.txt,genius
1196,2 Blonde Braids,Mount Eerie,Folk,data\fma_small\fma_small\001\001196.mp3,data\lyrics\Mount Eerie - 2 Blonde Braids _1196_.txt,genius
256,Toggle,Black Elk,Rock,data\fma_small\fma_small\000\000256.mp3,data\lyrics\Black Elk - Toggle _256_.txt,genius
16821,The Pharaos' Theme,Pharaos,Rock,data\fma_small\fma_small\016\016821.mp3,data\lyrics\Pharaos - The Pharaos_ Theme _16821_.txt,genius
75391,Friday Night Flu (Remix),Kellee Maize,Hip-Hop,data\fma_small\fma_small\075\075391.mp3,data\lyrics\Kellee Maize - Friday Night Flu _75391_.txt,genius
75401,Big Plans (Remix),Kellee Maize,Hip-Hop,data\fma_small\fma_small\075\075401.mp3,data\lyrics\Kellee Maize - Big Plans _75401_.txt,genius
1040,Dracula Mountain,Lightning Bolt,Rock,data\fma_small\fma_small\001\001040.mp3,data\lyrics\Lightning Bolt - Dracula Mountain _1040_.txt,genius
142947,Eyes All Over Town,Mrs. Magician,Rock,data\fma_small\fma_small\142\142947.mp3,data\lyrics\Mrs. Magician - Eyes All Over Town _142947_.txt,genius
66644,Devils,The Suzan,Pop,data\fma_small\fma_small\066\066644.mp3,data\lyrics\The Suzan - Devils _66644_.txt,genius
37727,Tommygun Angel,Bardo Pond,Rock,data\fma_small\fma_small\037\037727.mp3,data\lyrics\Bardo Pond - Tommygun Angel _37727_.txt,genius
49843,Gone,My Bubba & Mi,Folk,data\fma_small\fma_small\049\049843.mp3,data\lyrics\My Bubba _ Mi - Gone _49843_.txt,genius
133638,Intentional Injury,Bonnie 'Prince' Billy,Folk,data\fma_small\fma_small\133\133638.mp3,data\lyrics\Bonnie _Prince_ Billy - Intentional Injury _133638_.txt,genius
368,Vampires,Blah Blah Blah,Rock,data\fma_small\fma_small\000\000368.mp3,data\lyrics\Blah Blah Blah - Vampires _368_.txt,genius
51661,Don't Let Me Out,Matt Bauer,Folk,data\fma_small\fma_small\051\051661.mp3,data\lyrics\Matt Bauer - Don_t Let Me Out _51661_.txt,genius
54235,Fascinated,Ivy,Pop,data\fma_small\fma_small\054\054235.mp3,data\lyrics\Ivy - Fascinated _54235_.txt,genius
127914,Turtle Doves,Gingerlys,Pop,data\fma_small\fma_small\127\127914.mp3,data\lyrics\Gingerlys - Turtle Doves _127914_.txt,genius
121321,annabelle,Coin Locker Kid,Hip-Hop,data\fma_small\fma_small\121\121321.mp3,data\lyrics\Coin Locker Kid - annabelle _121321_.txt,genius
142133,Lookin' at You in a Photo,Brigid Mae Power,Folk,data\fma_small\fma_small\142\142133.mp3,data\lyrics\Brigid Mae Power - Lookin_ at You in a Photo _142133_.txt,genius
29752,Row Row Row Your Boat (Mister Jan),Mister Jan,Experimental,data\fma_small\fma_small\029\029752.mp3,data\lyrics\Mister Jan - Row Row Row Your Boat _29752_.txt,genius
63191,Taylor Swift,speedy ortiz,Rock,data\fma_small\fma_small\063\063191.mp3,data\lyrics\speedy ortiz - Taylor Swift _63191_.txt,genius
144545,"Grace, Fully (Acoustic)",Wildlight,Folk,data\fma_small\fma_small\144\144545.mp3,data\lyrics\Wildlight - Grace_ Fully _144545_.txt,genius
74385,What Child Is This (Greensleeves),Allison Crowe,Experimental,data\fma_small\fma_small\074\074385.mp3,data\lyrics\Allison Crowe - What Child Is This _74385_.txt,genius
182,Jules Lost His Jewels,Ariel Pink's Haunted Graffiti,Rock,data\fma_small\fma_small\000\000182.mp3,data\lyrics\Ariel Pink_s Haunted Graffiti - Jules Lost His Jewels _182_.txt,genius
119941,Winners,J Mano,Hip-Hop,data\fma_small\fma_small\119\119941.mp3,data\lyrics\J Mano - Winners _119941_.txt,genius
3532,Heaven Is Human,Cryptacize,Pop,data\fma_small\fma_small\003\003532.mp3,data\lyrics\Cryptacize - Heaven Is Human _3532_.txt,genius
126944,Here They Come,The Degs,Rock,data\fma_small\fma_small\126\126944.mp3,data\lyrics\The Degs - Here They Come _126944_.txt,genius
35537,Indian Summer,Lorenzo's Music,Rock,data\fma_small\fma_small\035\035537.mp3,data\lyrics\Lorenzo_s Music - Indian Summer _35537_.txt,genius
3266,Land,Ai Aso,Folk,data\fma_small\fma_small\003\003266.mp3,data\lyrics\Ai Aso - Land _3266_.txt,genius
98625,Woman,KINGS OF THE CITY,Hip-Hop,data\fma_small\fma_small\098\098625.mp3,data\lyrics\KINGS OF THE CITY - Woman _98625_.txt,genius
3492,On The Wings,Citay,Rock,data\fma_small\fma_small\003\003492.mp3,data\lyrics\Citay - On The Wings _3492_.txt,genius
122799,impossible,The Carnys,Pop,data\fma_small\fma_small\122\122799.mp3,data\lyrics\The Carnys - impossible _122799_.txt,genius
