track_id,genre
2,Hip-Hop
10,Pop
140,Folk
148,Experimental
182,Rock
190,Folk
193,Folk
197,Folk
200,Folk
203,Folk
207,Folk
210,Folk
211,Folk
212,Folk
256,Rock
368,Rock
546,Folk
574,Rock
615,Experimental
621,Folk
625,Folk
676,Hip-Hop
690,Rock
694,Hip-Hop
716,Folk
718,Folk
777,Rock
814,Folk
821,Pop
822,Pop
890,Folk
897,Experimental
993,Rock
997,Experimental
998,Experimental
1039,Rock
1040,Rock
1066,Experimental
1073,Experimental
1075,Experimental
1083,Experimental
1087,Rock
1195,Folk
1196,Folk
1197,Folk
1277,Experimental
1417,Rock
1510,Experimental
1544,Folk
1644,Pop
1649,Pop
1661,Pop
1666,Pop
1673,Experimental
1702,Folk
1720,Rock
1735,Experimental
1736,Experimental
1883,Rock
1925,Folk
1929,Experimental
2012,Experimental
2097,Folk
2099,Pop
3264,Folk
3265,Folk
3266,Folk
3270,Folk
3272,Folk
3492,Rock
3532,Pop
3533,Pop
3537,Pop
3598,Folk
3624,Rock
3707,Folk
3708,Folk
3720,Rock
3721,Rock
3725,Rock
3761,Rock
3762,Rock
3763,Rock
3766,Rock
3904,Folk
3905,Folk
3906,Folk
3908,Folk
3910,Folk
3911,Folk
3912,Folk
3920,Folk
4013,Folk
4017,Folk
4037,Folk
4066,Folk
4067,Folk
4068,Folk
4108,Rock
4450,Folk
4682,Hip-Hop
4684,Hip-Hop
4685,Hip-Hop
4777,Rock
4779,Rock
4780,Rock
4781,Rock
4782,Rock
4785,Rock
4788,Rock
4799,Rock
4835,Rock
5006,Rock
5156,Folk
5157,Folk
5158,Folk
5159,Folk
5169,Folk
5170,Folk
5171,Folk
5264,Hip-Hop
5268,Hip-Hop
5381,Folk
5879,Folk
5936,Folk
5940,Folk
6407,Folk
6439,Hip-Hop
6440,Hip-Hop
6448,Hip-Hop
6467,Folk
6517,Rock
6519,Rock
6606,Hip-Hop
6607,Hip-Hop
6610,Hip-Hop
6611,Hip-Hop
6675,Experimental
6677,Experimental
6679,Experimental
6684,Experimental
6762,Folk
6782,Folk
6783,Folk
6788,Rock
6854,Folk
6856,Folk
6857,Folk
7377,Experimental
7378,Experimental
7381,Experimental
7383,Experimental
7385,Experimental
7386,Experimental
7391,Experimental
7481,Hip-Hop
7482,Hip-Hop
7488,Hip-Hop
7489,Hip-Hop
7490,Hip-Hop
7491,Hip-Hop
7495,Rock
7526,Pop
7527,Pop
7554,Experimental
7711,Folk
7712,Folk
7872,Rock
8208,Rock
8259,Folk
8345,Experimental
8357,Experimental
8416,Experimental
9155,Experimental
9307,Experimental
9477,Experimental
9511,Rock
9513,Rock
9550,Rock
9553,Rock
9555,Rock
9557,Rock
9560,Rock
9678,Experimental
9888,Folk
9962,Rock
10192,Hip-Hop
10374,Experimental
10375,Experimental
10376,Experimental
10377,Experimental
10381,Folk
10382,Folk
10383,Folk
10386,Folk
10387,Folk
10389,Folk
10435,Experimental
10438,Folk
10439,Folk
10441,Folk
10447,Folk
10458,Folk
10480,Folk
10521,Experimental
10535,Experimental
10541,Experimental
10669,Rock
10670,Rock
10671,Rock
10672,Rock
10673,Rock
10675,Rock
10676,Rock
10677,Rock
10678,Folk
10679,Folk
10682,Folk
10697,Hip-Hop
10698,Hip-Hop
10805,Pop
10806,Pop
10807,Pop
10808,Pop
10983,Experimental
10992,Folk
10993,Folk
11019,Experimental
11020,Experimental
11059,Folk
11198,Pop
11199,Pop
11200,Pop
11204,Hip-Hop
11261,Pop
11264,Rock
11298,Hip-Hop
11299,Hip-Hop
11306,Rock
11333,Experimental
11334,Experimental
11504,Folk
11505,Folk
11508,Folk
11544,Experimental
11763,Hip-Hop
11765,Hip-Hop
11768,Hip-Hop
11769,Hip-Hop
11770,Hip-Hop
11773,Hip-Hop
11774,Hip-Hop
11775,Hip-Hop
11776,Hip-Hop
11778,Hip-Hop
11779,Hip-Hop
11780,Hip-Hop
11782,Hip-Hop
11784,Hip-Hop
11785,Hip-Hop
11786,Hip-Hop
11787,Hip-Hop
11788,Hip-Hop
11789,Hip-Hop
11791,Hip-Hop
11792,Hip-Hop
11793,Hip-Hop
11794,Hip-Hop
11795,Hip-Hop
11818,Hip-Hop
11839,Hip-Hop
11862,Hip-Hop
11867,Hip-Hop
11868,Hip-Hop
11916,Hip-Hop
11918,Hip-Hop
11920,Hip-Hop
11921,Hip-Hop
11922,Hip-Hop
11946,Experimental
11951,Experimental
12045,Folk
12047,Folk
12048,Folk
12051,Folk
12052,Folk
12060,Folk
12062,Folk
12066,Folk
12146,Pop
12174,Hip-Hop
12351,Folk
12352,Folk
12353,Folk
12387,Pop
12390,Pop
12481,Folk
12482,Folk
12484,Folk
12487,Folk
12488,Folk
12489,Folk
12490,Folk
12508,Folk
12513,Folk
12514,Folk
12521,Rock
12526,Hip-Hop
12527,Pop
12530,Pop
12532,Pop
12537,Pop
12552,Pop
12737,Experimental
12985,Folk
13197,Pop
13199,Hip-Hop
13201,Hip-Hop
13218,Pop
13220,Pop
13325,Rock
13378,Pop
13556,Rock
13578,Experimental
13591,Hip-Hop
13666,Rock
13670,Hip-Hop
13748,Hip-Hop
13768,Hip-Hop
13804,Hip-Hop
13927,Folk
13928,Folk
13930,Folk
14358,Hip-Hop
14391,Hip-Hop
14538,Hip-Hop
14541,Hip-Hop
14542,Hip-Hop
14653,Rock
14661,Folk
14690,Experimental
14733,Rock
14735,Rock
14736,Rock
14739,Rock
14740,Rock
14743,Rock
14809,Folk
15210,Hip-Hop
15464,Experimental
15469,Experimental
15471,Experimental
15476,Experimental
15540,Experimental
15543,Experimental
15625,Experimental
16155,Pop
16163,Pop
16337,Pop
16338,Pop
16354,Rock
16819,Rock
16820,Rock
16821,Rock
16878,Hip-Hop
16995,Rock
16997,Rock
17344,Pop
17345,Pop
17496,Hip-Hop
17499,Hip-Hop
17500,Hip-Hop
17735,Rock
17906,Pop
18112,Experimental
18144,Pop
18145,Pop
18146,Pop
18197,Rock
18607,Rock
18877,Experimental
18887,Rock
19074,Pop
19192,Experimental
19412,Pop
19413,Pop
19415,Pop
19416,Pop
19417,Pop
19418,Pop
19420,Pop
19423,Pop
19425,Pop
19441,Pop
19442,Pop
19685,Rock
19707,Folk
19708,Folk
19758,Pop
19760,Pop
20050,Rock
20296,Experimental
20424,Experimental
20469,Hip-Hop
20704,Pop
21228,Hip-Hop
21231,Pop
21400,Pop
21402,Pop
21404,Pop
21409,Pop
21657,Pop
21672,Pop
21707,Folk
21774,Experimental
21859,Rock
21995,Pop
21998,Pop
21999,Pop
22000,Pop
22001,Pop
22088,Hip-Hop
22094,Hip-Hop
22150,Experimental
22295,Hip-Hop
22472,Pop
22473,Pop
22475,Pop
22476,Pop
22477,Pop
22479,Pop
23014,Folk
23172,Rock
23329,Experimental
23371,Folk
24216,Experimental
24217,Experimental
24420,Hip-Hop
24421,Hip-Hop
24422,Hip-Hop
24423,Hip-Hop
24425,Hip-Hop
24426,Hip-Hop
24429,Hip-Hop
24430,Hip-Hop
24512,Experimental
24898,Experimental
24899,Experimental
24901,Experimental
24975,Experimental
24983,Experimental
25055,Pop
25063,Experimental
25104,Pop
25124,Pop
26008,Hip-Hop
26010,Hip-Hop
26011,Hip-Hop
26014,Hip-Hop
26022,Hip-Hop
26025,Hip-Hop
26026,Hip-Hop
26035,Hip-Hop
26036,Hip-Hop
26301,Experimental
26302,Folk
26307,Experimental
26322,Experimental
26638,Rock
26639,Rock
26641,Rock
26642,Rock
26643,Rock
26681,Rock
26765,Pop
27164,Pop
27258,Folk
27454,Experimental
27455,Experimental
27547,Pop
27549,Pop
27550,Pop
27551,Pop
27799,Hip-Hop
27802,Pop
27803,Experimental
27805,Pop
27866,Experimental
28070,Rock
28072,Rock
28260,Rock
28274,Rock
28375,Experimental
28376,Experimental
28477,Pop
28479,Pop
28480,Pop
28483,Pop
28484,Pop
28692,Rock
29045,Pop
29128,Pop
29180,Pop
29255,Pop
29718,Hip-Hop
29719,Hip-Hop
29720,Hip-Hop
29721,Hip-Hop
29738,Experimental
29739,Experimental
29740,Experimental
29744,Experimental
29752,Experimental
29961,Hip-Hop
29971,Folk
30041,Hip-Hop
30043,Hip-Hop
30050,Hip-Hop
30058,Hip-Hop
30059,Hip-Hop
30090,Experimental
30095,Experimental
30198,Experimental
30316,Experimental
30636,Experimental
30702,Experimental
30740,Experimental
31356,Folk
31389,Folk
31390,Folk
31391,Folk
31392,Folk
31999,Rock
32001,Rock
32325,Pop
32326,Pop
32327,Pop
32329,Pop
32330,Pop
32331,Pop
32334,Pop
32335,Pop
32336,Pop
32337,Pop
32338,Pop
32339,Pop
32340,Pop
32525,Pop
32686,Hip-Hop
32687,Hip-Hop
32694,Hip-Hop
32756,Folk
32760,Pop
33050,Folk
33278,Experimental
33459,Rock
33460,Rock
33477,Experimental
33486,Experimental
33538,Rock
34003,Experimental
34147,Folk
34167,Hip-Hop
34257,Experimental
34258,Experimental
34484,Folk
34510,Experimental
34511,Pop
34994,Experimental
35008,Experimental
35184,Pop
35204,Experimental
35443,Folk
35537,Rock
35539,Rock
35541,Rock
35544,Pop
35550,Pop
35571,Rock
35734,Folk
36302,Hip-Hop
36481,Rock
36526,Rock
36560,Pop
36614,Pop
36616,Pop
36618,Pop
36799,Experimental
36959,Pop
36961,Pop
36983,Hip-Hop
36984,Hip-Hop
36986,Hip-Hop
36987,Hip-Hop
36994,Hip-Hop
36997,Hip-Hop
37041,Experimental
37324,Pop
37325,Pop
37538,Experimental
37725,Rock
37727,Rock
37730,Rock
37731,Rock
37779,Experimental
37784,Experimental
37859,Rock
38312,Experimental
38362,Folk
38363,Folk
38435,Rock
38522,Rock
38557,Rock
38879,Experimental
38880,Experimental
38886,Experimental
38887,Experimental
38888,Experimental
38890,Experimental
38891,Experimental
38892,Experimental
38894,Experimental
38898,Experimental
38900,Experimental
38901,Experimental
38902,Experimental
38904,Experimental
38908,Experimental
38910,Experimental
38914,Experimental
38961,Pop
38966,Experimental
38967,Experimental
39188,Experimental
39259,Experimental
39278,Experimental
39316,Experimental
39359,Rock
39530,Pop
39658,Pop
39659,Pop
39660,Pop
39661,Pop
39663,Pop
39666,Pop
39875,Experimental
39900,Experimental
40121,Experimental
40122,Experimental
40123,Experimental
40133,Rock
40139,Rock
40147,Experimental
40229,Folk
40232,Folk
40233,Folk
40234,Folk
40236,Folk
40237,Folk
40242,Folk
40243,Folk
40245,Folk
40509,Experimental
40525,Hip-Hop
40541,Hip-Hop
40542,Hip-Hop
40908,Experimental
40909,Experimental
40940,Rock
41095,Rock
41191,Folk
41192,Folk
41310,Folk
41381,Pop
41568,Pop
41605,Experimental
41709,Experimental
41714,Experimental
41812,Rock
41819,Pop
41820,Pop
41962,Rock
41965,Rock
42040,Hip-Hop
42045,Hip-Hop
42046,Hip-Hop
42126,Experimental
42129,Experimental
42135,Experimental
42138,Experimental
42141,Experimental
42310,Rock
42442,Rock
42659,Folk
42844,Rock
42851,Rock
42911,Pop
42914,Pop
42984,Experimental
43063,Experimental
43691,Experimental
43761,Folk
43842,Folk
43843,Folk
43856,Hip-Hop
43859,Hip-Hop
43861,Hip-Hop
43863,Hip-Hop
43865,Hip-Hop
43866,Hip-Hop
43883,Experimental
43899,Hip-Hop
43911,Hip-Hop
43962,Folk
44110,Experimental
44169,Experimental
44347,Experimental
44354,Experimental
44777,Folk
44779,Experimental
44780,Experimental
44781,Experimental
44782,Experimental
44792,Experimental
44793,Experimental
44794,Experimental
44795,Experimental
44797,Experimental
44799,Experimental
44801,Experimental
44802,Experimental
44803,Experimental
44805,Pop
44848,Experimental
44850,Experimental
44851,Experimental
44853,Experimental
44854,Experimental
45119,Pop
45122,Pop
45125,Pop
45126,Pop
45127,Pop
45128,Pop
45474,Rock
45475,Rock
45513,Folk
45514,Folk
45515,Folk
45517,Folk
45520,Folk
45521,Folk
45523,Folk
45941,Experimental
46024,Rock
46043,Experimental
46058,Experimental
46161,Experimental
46238,Experimental
46611,Experimental
46711,Experimental
46717,Experimental
46718,Experimental
46726,Hip-Hop
46839,Pop
46840,Pop
46842,Pop
46844,Pop
46846,Pop
46854,Pop
47032,Rock
47100,Pop
47192,Experimental
47193,Experimental
47195,Experimental
47196,Experimental
47197,Experimental
47198,Experimental
47200,Experimental
47201,Experimental
47202,Experimental
47471,Rock
47506,Folk
47510,Rock
47661,Folk
47662,Folk
47666,Pop
47670,Pop
47707,Experimental
47826,Experimental
47835,Pop
47865,Folk
47868,Folk
47894,Pop
47895,Pop
47897,Pop
47916,Rock
48042,Experimental
48044,Experimental
48269,Experimental
48307,Experimental
48317,Experimental
48367,Rock
48369,Rock
48444,Pop
48446,Pop
48450,Pop
48453,Pop
48457,Pop
48763,Rock
48862,Experimental
48864,Experimental
48990,Rock
48999,Rock
49029,Folk
49030,Folk
49039,Pop
49061,Experimental
49062,Experimental
49064,Experimental
49066,Experimental
49067,Experimental
49068,Experimental
49394,Experimental
49401,Experimental
49477,Pop
49479,Hip-Hop
49842,Folk
49843,Folk
49845,Folk
49846,Folk
49847,Folk
49848,Folk
49856,Folk
50264,Hip-Hop
50272,Pop
50276,Folk
50444,Rock
50445,Rock
50448,Rock
50543,Rock
50752,Rock
50753,Rock
50754,Rock
50836,Experimental
50952,Folk
51112,Experimental
51114,Experimental
51115,Experimental
51117,Experimental
51118,Experimental
51157,Experimental
51260,Pop
51261,Pop
51263,Pop
51265,Pop
51269,Pop
51271,Pop
51272,Pop
51273,Pop
51275,Pop
51276,Pop
51278,Pop
51291,Pop
51305,Experimental
51333,Folk
51655,Folk
51661,Folk
51919,Folk
52034,Pop
52036,Pop
52039,Pop
52040,Pop
52041,Pop
52044,Pop
52141,Experimental
52375,Pop
52380,Pop
52389,Pop
52393,Pop
52500,Folk
52501,Folk
52502,Folk
52522,Rock
52579,Hip-Hop
52861,Experimental
52945,Folk
52946,Folk
52947,Folk
52948,Folk
52951,Folk
52954,Folk
53229,Pop
53379,Hip-Hop
53381,Hip-Hop
53576,Folk
53578,Folk
53586,Folk
53587,Folk
53589,Folk
53591,Pop
53592,Pop
53729,Experimental
53807,Rock
53937,Pop
54032,Pop
54034,Pop
54039,Pop
54061,Folk
54063,Folk
54064,Folk
54234,Pop
54235,Pop
54236,Pop
54297,Folk
54365,Hip-Hop
54625,Rock
54626,Rock
54664,Pop
54665,Pop
54667,Pop
54703,Folk
54942,Rock
55076,Pop
55101,Hip-Hop
55102,Hip-Hop
55119,Hip-Hop
55120,Hip-Hop
55121,Hip-Hop
55122,Hip-Hop
55285,Pop
55286,Pop
55288,Pop
55289,Pop
55290,Pop
55291,Pop
55292,Pop
55293,Pop
55295,Pop
55402,Rock
55436,Pop
55437,Pop
55481,Experimental
55572,Hip-Hop
55709,Rock
55710,Rock
55714,Rock
55716,Rock
55717,Rock
55719,Rock
56015,Experimental
56033,Experimental
56247,Pop
56249,Pop
56274,Pop
56493,Hip-Hop
56495,Hip-Hop
56497,Hip-Hop
56498,Hip-Hop
56499,Hip-Hop
56517,Folk
56518,Folk
56519,Folk
56520,Folk
56521,Folk
56552,Rock
56640,Hip-Hop
56641,Hip-Hop
56646,Rock
56648,Rock
56649,Rock
56650,Rock
56888,Experimental
56895,Pop
56929,Rock
57078,Pop
57164,Folk
57176,Folk
57178,Pop
57179,Pop
57180,Pop
57271,Experimental
57272,Experimental
57274,Experimental
57344,Experimental
57435,Pop
57437,Pop
57439,Pop
57627,Experimental
57628,Experimental
57630,Experimental
57639,Folk
57640,Folk
57648,Folk
57658,Rock
57661,Rock
57819,Hip-Hop
57820,Hip-Hop
57822,Hip-Hop
57891,Rock
57936,Experimental
57937,Experimental
57939,Experimental
57943,Experimental
57968,Rock
58060,Experimental
58061,Experimental
58070,Experimental
58115,Pop
58117,Pop
58140,Folk
58161,Pop
58162,Pop
58164,Pop
58166,Pop
58170,Pop
58174,Pop
58212,Hip-Hop
58221,Rock
58333,Rock
58334,Rock
58474,Pop
58541,Rock
58542,Rock
58543,Rock
59078,Rock
59374,Rock
59443,Pop
59445,Pop
59446,Pop
59454,Pop
59561,Rock
59562,Rock
59876,Rock
59930,Experimental
60074,Experimental
60317,Experimental
60331,Experimental
60472,Hip-Hop
60474,Hip-Hop
60477,Hip-Hop
60478,Hip-Hop
60994,Experimental
61006,Folk
61010,Folk
61011,Folk
61012,Folk
61013,Folk
61159,Hip-Hop
61160,Hip-Hop
61174,Hip-Hop
61175,Hip-Hop
61452,Hip-Hop
61453,Hip-Hop
61491,Rock
61493,Rock
61589,Pop
61670,Pop
61679,Pop
61734,Pop
61736,Pop
61820,Rock
61821,Rock
61884,Hip-Hop
62001,Hip-Hop
62337,Rock
62426,Folk
62436,Pop
62448,Pop
62452,Pop
62458,Rock
62655,Rock
62742,Pop
62748,Pop
62749,Pop
62751,Pop
62753,Pop
63043,Rock
63044,Rock
63045,Rock
63159,Experimental
63161,Experimental
63191,Rock
63208,Folk
63250,Folk
63251,Folk
63252,Folk
63255,Folk
63257,Folk
63258,Folk
63456,Folk
63457,Folk
63470,Rock
63471,Rock
63472,Rock
63626,Experimental
63733,Hip-Hop
63747,Hip-Hop
63757,Hip-Hop
63789,Hip-Hop
63804,Hip-Hop
63805,Hip-Hop
63874,Hip-Hop
63908,Hip-Hop
63936,Experimental
64006,Pop
64007,Pop
64009,Pop
64035,Rock
64078,Experimental
64079,Pop
64091,Experimental
64093,Experimental
64248,Experimental
64253,Experimental
64364,Pop
64366,Pop
64515,Hip-Hop
64516,Hip-Hop
64517,Hip-Hop
64519,Hip-Hop
64521,Hip-Hop
64522,Hip-Hop
64523,Hip-Hop
64556,Folk
64594,Experimental
64604,Experimental
64625,Hip-Hop
64627,Hip-Hop
64629,Hip-Hop
64631,Hip-Hop
64659,Rock
64787,Pop
64834,Pop
64840,Pop
64854,Experimental
64855,Experimental
64856,Experimental
64857,Experimental
64858,Experimental
64859,Experimental
64860,Experimental
64861,Experimental
64862,Experimental
64864,Experimental
64893,Experimental
64895,Experimental
64919,Rock
64988,Hip-Hop
64989,Hip-Hop
64990,Hip-Hop
64992,Hip-Hop
64993,Hip-Hop
64995,Hip-Hop
65619,Rock
65683,Folk
65685,Folk
65745,Hip-Hop
65752,Hip-Hop
65756,Pop
65893,Folk
66058,Folk
66180,Folk
66394,Rock
66405,Rock
66469,Experimental
66483,Experimental
66535,Rock
66536,Rock
66538,Rock
66539,Rock
66643,Pop
66644,Pop
66646,Pop
66648,Pop
66649,Pop
66717,Rock
66782,Pop
66783,Pop
67007,Pop
67010,Pop
67017,Folk
67121,Rock
67232,Hip-Hop
67237,Rock
67330,Pop
67331,Pop
67332,Pop
67334,Pop
67358,Pop
67359,Pop
67361,Pop
67362,Pop
67363,Pop
67364,Pop
67365,Pop
67366,Pop
67367,Pop
67368,Pop
67412,Rock
67457,Experimental
67556,Rock
67557,Rock
67558,Rock
67598,Folk
67660,Rock
67673,Rock
67707,Experimental
67760,Pop
67764,Folk
67765,Folk
67766,Folk
67784,Hip-Hop
67793,Hip-Hop
67829,Experimental
68353,Pop
68355,Pop
68410,Experimental
68531,Hip-Hop
68538,Experimental
68549,Experimental
68551,Experimental
68579,Experimental
68592,Hip-Hop
68600,Hip-Hop
68820,Rock
68821,Rock
68837,Folk
68842,Folk
68844,Folk
68853,Folk
68854,Folk
68860,Folk
68861,Folk
68869,Experimental
68872,Experimental
68909,Rock
69001,Experimental
69002,Experimental
69182,Pop
69188,Pop
69303,Experimental
69554,Hip-Hop
69561,Hip-Hop
69563,Hip-Hop
69564,Hip-Hop
69567,Folk
69726,Rock
69761,Folk
69766,Folk
69767,Folk
69781,Rock
69785,Experimental
69789,Experimental
69791,Experimental
69792,Experimental
69798,Experimental
69823,Hip-Hop
69825,Hip-Hop
69828,Hip-Hop
69830,Hip-Hop
69833,Hip-Hop
69904,Hip-Hop
70005,Experimental
70174,Experimental
70206,Hip-Hop
70207,Hip-Hop
70208,Hip-Hop
70402,Rock
70403,Rock
70409,Rock
70423,Pop
70425,Pop
70426,Pop
70654,Hip-Hop
70655,Hip-Hop
70660,Hip-Hop
70768,Hip-Hop
70770,Hip-Hop
70772,Hip-Hop
70775,Hip-Hop
70813,Rock
70875,Pop
70878,Pop
71133,Folk
71158,Hip-Hop
71172,Hip-Hop
71173,Hip-Hop
71174,Hip-Hop
71175,Hip-Hop
71230,Hip-Hop
71240,Hip-Hop
71243,Hip-Hop
71244,Hip-Hop
71245,Hip-Hop
71246,Hip-Hop
71251,Hip-Hop
71253,Hip-Hop
71276,Rock
71303,Rock
71304,Rock
71371,Rock
71372,Rock
71620,Rock
71622,Rock
71690,Hip-Hop
71691,Hip-Hop
71692,Hip-Hop
71693,Hip-Hop
71695,Hip-Hop
71709,Pop
71711,Rock
71714,Rock
71715,Rock
71721,Rock
71722,Folk
71884,Experimental
71938,Rock
72046,Folk
72050,Folk
72056,Folk
72064,Rock
72136,Hip-Hop
72234,Hip-Hop
72287,Rock
72288,Rock
72289,Rock
72565,Folk
72570,Folk
72612,Folk
72738,Rock
72781,Hip-Hop
72782,Hip-Hop
72783,Hip-Hop
72790,Hip-Hop
72927,Experimental
72928,Experimental
73087,Pop
73170,Folk
73171,Folk
73172,Folk
73174,Folk
73175,Folk
73193,Rock
73318,Rock
73468,Pop
73469,Pop
73486,Rock
73519,Rock
73520,Rock
73568,Folk
73572,Folk
73573,Folk
73580,Folk
73584,Folk
73585,Folk
73587,Folk
73675,Folk
73792,Pop
74002,Pop
74302,Experimental
74370,Experimental
74373,Experimental
74374,Experimental
74375,Experimental
74377,Experimental
74378,Experimental
74380,Experimental
74381,Experimental
74382,Experimental
74383,Experimental
74384,Experimental
74385,Experimental
74386,Experimental
74387,Experimental
74388,Experimental
74389,Experimental
74390,Experimental
74391,Experimental
74392,Experimental
74445,Folk
74546,Folk
74671,Rock
74942,Folk
74945,Pop
74955,Hip-Hop
74959,Experimental
74960,Experimental
75194,Pop
75230,Rock
75304,Folk
75314,Pop
75317,Pop
75373,Hip-Hop
75374,Hip-Hop
75375,Hip-Hop
75376,Hip-Hop
75378,Hip-Hop
75379,Hip-Hop
75380,Hip-Hop
75381,Hip-Hop
75383,Hip-Hop
75386,Hip-Hop
75389,Hip-Hop
75391,Hip-Hop
75396,Hip-Hop
75398,Hip-Hop
75401,Hip-Hop
75403,Hip-Hop
75412,Hip-Hop
75415,Hip-Hop
75417,Hip-Hop
75418,Hip-Hop
75419,Hip-Hop
75420,Hip-Hop
75425,Hip-Hop
75427,Hip-Hop
75692,Pop
75745,Hip-Hop
75748,Hip-Hop
75749,Hip-Hop
75782,Rock
75783,Rock
75784,Rock
75786,Rock
75787,Rock
75844,Folk
75862,Folk
75866,Folk
75869,Folk
75883,Folk
75926,Hip-Hop
75927,Hip-Hop
75929,Hip-Hop
75930,Hip-Hop
75932,Hip-Hop
75936,Hip-Hop
76036,Experimental
76130,Pop
76375,Experimental
76437,Folk
76440,Folk
77572,Pop
78213,Folk
78516,Hip-Hop
78833,Hip-Hop
78834,Hip-Hop
78841,Hip-Hop
78843,Hip-Hop
78845,Hip-Hop
78848,Hip-Hop
78984,Hip-Hop
79575,Rock
79616,Hip-Hop
79741,Pop
79973,Experimental
79978,Experimental
79985,Folk
79990,Folk
79995,Folk
80004,Folk
80035,Rock
80293,Hip-Hop
81033,Folk
81037,Folk
81071,Experimental
81083,Folk
81084,Folk
81938,Folk
82250,Experimental
82410,Experimental
82464,Rock
82505,Folk
82778,Hip-Hop
82881,Experimental
83437,Folk
83438,Folk
83439,Folk
83507,Pop
83511,Pop
83558,Hip-Hop
83717,Hip-Hop
83718,Hip-Hop
83719,Hip-Hop
83789,Rock
83790,Rock
83898,Experimental
83908,Experimental
83911,Experimental
83954,Experimental
83969,Rock
84009,Folk
84054,Experimental
84055,Experimental
84056,Experimental
84057,Experimental
84152,Experimental
84154,Folk
84155,Folk
84157,Folk
84158,Folk
84159,Folk
84290,Rock
84417,Experimental
84423,Experimental
84605,Pop
84788,Rock
84817,Pop
85027,Rock
85307,Pop
85400,Experimental
85419,Pop
85420,Pop
85425,Pop
85426,Pop
85427,Pop
85482,Folk
85486,Folk
85487,Folk
85488,Folk
85490,Folk
85492,Folk
85494,Experimental
85592,Pop
85594,Pop
85595,Pop
85598,Pop
85599,Pop
85600,Pop
85691,Folk
85692,Folk
85791,Rock
85951,Pop
85952,Pop
85953,Pop
85955,Pop
85956,Pop
85957,Pop
85968,Folk
85973,Folk
86077,Experimental
86081,Experimental
86082,Experimental
86116,Pop
86117,Pop
86118,Pop
86119,Pop
86256,Experimental
86259,Experimental
86262,Rock
86263,Rock
86417,Rock
86441,Rock
86443,Rock
86562,Rock
86576,Experimental
86634,Pop
86679,Hip-Hop
86680,Hip-Hop
86720,Experimental
86721,Experimental
86761,Rock
86762,Rock
86763,Rock
86788,Rock
86799,Rock
87151,Rock
87152,Rock
87154,Rock
87155,Rock
87185,Pop
87186,Pop
87187,Pop
87189,Pop
87190,Pop
87191,Pop
87192,Pop
87193,Pop
87322,Pop
87323,Pop
87324,Pop
87361,Rock
87362,Rock
87363,Rock
87430,Rock
87431,Rock
87490,Rock
87968,Folk
87971,Folk
87972,Folk
88428,Pop
88429,Pop
88848,Folk
88856,Folk
88858,Folk
88861,Folk
88863,Folk
88864,Folk
88868,Folk
88869,Folk
88870,Folk
88871,Folk
88872,Folk
88873,Folk
88874,Folk
88875,Folk
88876,Folk
88877,Folk
88878,Folk
88879,Folk
88892,Folk
88899,Rock
88900,Rock
88960,Rock
89196,Hip-Hop
89212,Experimental
89350,Folk
89441,Folk
89445,Hip-Hop
89447,Hip-Hop
89473,Hip-Hop
89482,Folk
89484,Folk
89485,Folk
89486,Folk
89843,Hip-Hop
89846,Hip-Hop
89848,Hip-Hop
89857,Hip-Hop
89859,Hip-Hop
89991,Experimental
90027,Experimental
90579,Pop
90587,Pop
90589,Pop
90590,Pop
90625,Folk
90652,Rock
90695,Rock
90804,Experimental
90982,Hip-Hop
90987,Hip-Hop
91102,Folk
91130,Experimental
91159,Pop
91160,Pop
91161,Pop
91162,Pop
91164,Pop
91170,Folk
91228,Folk
91306,Hip-Hop
91309,Hip-Hop
91312,Hip-Hop
91315,Hip-Hop
91317,Hip-Hop
91318,Hip-Hop
91319,Hip-Hop
91443,Folk
91455,Rock
91459,Rock
91471,Pop
91788,Folk
91791,Folk
91797,Folk
91869,Rock
91897,Experimental
91899,Experimental
91900,Experimental
91933,Folk
91934,Folk
92129,Pop
92131,Pop
92508,Rock
92538,Folk
92539,Folk
92540,Folk
92574,Experimental
92872,Experimental
92874,Experimental
92878,Experimental
92881,Experimental
92885,Experimental
92887,Experimental
92888,Experimental
92889,Experimental
93074,Folk
93076,Folk
93712,Folk
93716,Folk
93867,Rock
93942,Pop
93943,Pop
93944,Pop
93956,Rock
94026,Rock
94099,Rock
94102,Rock
94348,Rock
94419,Rock
94423,Pop
94426,Hip-Hop
94449,Hip-Hop
94465,Hip-Hop
94467,Hip-Hop
94468,Hip-Hop
95189,Experimental
95248,Rock
95249,Rock
95250,Rock
95309,Rock
95535,Rock
95910,Hip-Hop
95911,Hip-Hop
95912,Hip-Hop
95914,Hip-Hop
95915,Hip-Hop
96399,Rock
96400,Rock
96402,Rock
96408,Rock
96560,Rock
96675,Hip-Hop
96678,Hip-Hop
96692,Folk
96694,Folk
96695,Folk
96696,Folk
96697,Folk
96698,Folk
96699,Folk
96718,Rock
96728,Folk
96729,Folk
96730,Folk
96731,Folk
96944,Pop
96946,Pop
97037,Hip-Hop
97043,Hip-Hop
97211,Folk
97216,Folk
97373,Experimental
97374,Experimental
97568,Hip-Hop
97585,Folk
97586,Folk
97587,Folk
97588,Folk
97589,Folk
97590,Folk
97690,Rock
97697,Hip-Hop
97813,Experimental
97814,Experimental
97886,Rock
97980,Hip-Hop
97986,Hip-Hop
98229,Experimental
98251,Rock
98297,Rock
98551,Hip-Hop
98552,Hip-Hop
98553,Hip-Hop
98554,Hip-Hop
98556,Hip-Hop
98567,Hip-Hop
98569,Hip-Hop
98574,Hip-Hop
98576,Hip-Hop
98577,Hip-Hop
98578,Hip-Hop
98579,Hip-Hop
98580,Hip-Hop
98581,Hip-Hop
98583,Hip-Hop
98584,Hip-Hop
98585,Hip-Hop
98613,Hip-Hop
98617,Hip-Hop
98619,Hip-Hop
98620,Hip-Hop
98621,Hip-Hop
98622,Hip-Hop
98623,Hip-Hop
98624,Hip-Hop
98625,Hip-Hop
98627,Hip-Hop
98628,Hip-Hop
98701,Rock
99093,Hip-Hop
99095,Hip-Hop
99096,Hip-Hop
99214,Experimental
99345,Rock
99419,Rock
99436,Rock
99438,Rock
99439,Rock
99440,Rock
99442,Rock
100799,Rock
100802,Rock
100958,Hip-Hop
101864,Experimental
101868,Experimental
101951,Rock
102112,Experimental
102195,Rock
103800,Hip-Hop
104009,Folk
104010,Folk
104062,Rock
104063,Rock
104064,Pop
104065,Pop
104066,Pop
104067,Pop
104086,Rock
104227,Rock
104356,Folk
104357,Folk
104434,Experimental
104668,Rock
104724,Experimental
104725,Experimental
104779,Pop
104780,Pop
105119,Rock
105141,Rock
105142,Rock
105144,Rock
105145,Rock
105196,Folk
105443,Hip-Hop
105451,Hip-Hop
105683,Hip-Hop
105717,Folk
105719,Experimental
105720,Experimental
105722,Experimental
105824,Hip-Hop
105825,Hip-Hop
105826,Hip-Hop
105887,Folk
105912,Rock
105914,Folk
105916,Folk
105917,Folk
105919,Folk
105920,Folk
106274,Rock
106277,Rock
106339,Folk
106456,Folk
106457,Folk
106463,Rock
106465,Rock
106522,Experimental
106563,Rock
106564,Rock
106566,Rock
106568,Rock
106569,Rock
106571,Rock
106877,Rock
106937,Folk
106948,Rock
106951,Rock
107021,Hip-Hop
107025,Hip-Hop
107028,Hip-Hop
107029,Hip-Hop
107030,Hip-Hop
107031,Hip-Hop
107046,Pop
107047,Pop
107048,Pop
107391,Rock
107476,Rock
107567,Folk
107569,Folk
107571,Folk
107577,Folk
107578,Folk
107579,Folk
107583,Folk
107588,Folk
107593,Folk
107594,Folk
107659,Rock
107850,Hip-Hop
107851,Folk
107852,Folk
108014,Folk
108015,Folk
108031,Rock
108036,Rock
108038,Rock
108059,Experimental
108290,Rock
108297,Rock
108298,Rock
108299,Folk
108300,Folk
108304,Folk
108306,Folk
108308,Folk
108313,Experimental
108318,Experimental
108319,Experimental
108427,Pop
108429,Pop
108457,Pop
108460,Pop
108461,Pop
108487,Hip-Hop
108488,Hip-Hop
108489,Hip-Hop
108491,Hip-Hop
108496,Hip-Hop
108497,Hip-Hop
108502,Rock
108503,Rock
108505,Rock
108745,Hip-Hop
108774,Hip-Hop
108808,Hip-Hop
108809,Hip-Hop
108836,Hip-Hop
108837,Hip-Hop
108841,Hip-Hop
108843,Hip-Hop
108846,Hip-Hop
108847,Hip-Hop
108957,Rock
108961,Rock
108962,Rock
108968,Rock
108969,Rock
108970,Rock
108992,Rock
109068,Experimental
109071,Experimental
109203,Rock
109235,Rock
109276,Experimental
109349,Rock
109355,Rock
109356,Rock
109357,Rock
109445,Folk
109446,Folk
109447,Folk
109448,Folk
109449,Folk
109450,Folk
109468,Rock
109481,Rock
109670,Hip-Hop
109681,Hip-Hop
109684,Hip-Hop
109685,Hip-Hop
109686,Hip-Hop
109712,Experimental
109900,Folk
109902,Folk
109904,Folk
109905,Folk
109906,Folk
109958,Pop
109960,Pop
109962,Pop
109972,Pop
109973,Pop
109975,Pop
109977,Pop
109978,Pop
110082,Hip-Hop
110085,Hip-Hop
110171,Folk
110205,Experimental
110208,Experimental
110209,Experimental
110230,Experimental
110259,Hip-Hop
110260,Hip-Hop
110261,Hip-Hop
110262,Hip-Hop
110264,Hip-Hop
110266,Hip-Hop
110274,Experimental
110384,Folk
110437,Folk
110440,Folk
110546,Rock
110610,Experimental
110611,Experimental
110636,Rock
110711,Experimental
110736,Hip-Hop
110744,Hip-Hop
110768,Hip-Hop
110771,Hip-Hop
110772,Hip-Hop
110774,Hip-Hop
110775,Hip-Hop
110923,Folk
110980,Rock
110983,Rock
110985,Rock
111182,Folk
111186,Folk
111187,Folk
111188,Folk
111335,Rock
111368,Pop
111371,Pop
111372,Pop
111375,Pop
111377,Pop
111386,Pop
111387,Pop
111392,Pop
111393,Pop
111395,Pop
111396,Pop
111398,Pop
111399,Pop
111460,Experimental
111579,Experimental
111658,Rock
111935,Hip-Hop
111937,Hip-Hop
111938,Hip-Hop
111974,Rock
111982,Rock
112065,Rock
112066,Rock
112088,Experimental
112133,Experimental
112197,Experimental
112198,Experimental
112215,Experimental
112252,Folk
112314,Rock
112315,Rock
112318,Rock
112468,Hip-Hop
112481,Hip-Hop
112484,Hip-Hop
112485,Hip-Hop
112487,Hip-Hop
112488,Hip-Hop
112526,Rock
112527,Rock
112529,Rock
112583,Experimental
112584,Experimental
112585,Experimental
112586,Experimental
112780,Experimental
112781,Experimental
113016,Pop
113018,Pop
113020,Pop
113021,Pop
113022,Pop
113023,Pop
113024,Pop
113025,Pop
113026,Pop
113030,Hip-Hop
113031,Hip-Hop
113032,Hip-Hop
113036,Hip-Hop
113037,Hip-Hop
113164,Rock
113165,Rock
113167,Folk
113203,Experimental
113305,Rock
113311,Rock
113360,Folk
113512,Rock
113513,Rock
113564,Experimental
113574,Rock
113808,Pop
113810,Pop
113822,Rock
113933,Pop
113934,Pop
113935,Pop
113949,Folk
113950,Folk
114044,Hip-Hop
114047,Hip-Hop
114048,Hip-Hop
114051,Hip-Hop
114201,Rock
114266,Hip-Hop
114268,Hip-Hop
114275,Hip-Hop
114396,Rock
114398,Rock
114399,Rock
114400,Rock
114401,Rock
114402,Rock
114403,Rock
114404,Rock
114408,Rock
114410,Rock
114412,Rock
114413,Rock
114414,Rock
114415,Rock
114430,Rock
115125,Experimental
115592,Experimental
115597,Experimental
115765,Rock
115850,Experimental
115852,Experimental
115922,Folk
115923,Folk
115926,Folk
115927,Folk
115932,Folk
115935,Folk
115944,Folk
115948,Folk
116119,Experimental
116372,Experimental
116388,Hip-Hop
116390,Hip-Hop
116446,Folk
116451,Folk
116452,Folk
116458,Folk
116514,Experimental
116525,Experimental
116547,Rock
116587,Experimental
116706,Folk
116707,Folk
116709,Experimental
116874,Folk
116883,Folk
117472,Pop
117627,Folk
117630,Folk
117631,Folk
117846,Experimental
117883,Rock
117884,Rock
117961,Experimental
117966,Experimental
117991,Experimental
118084,Experimental
118195,Experimental
118277,Experimental
118279,Rock
118478,Experimental
118496,Experimental
118498,Experimental
118502,Experimental
118504,Experimental
118569,Hip-Hop
118670,Folk
118672,Folk
118739,Folk
118891,Folk
118957,Experimental
118958,Experimental
118986,Experimental
118987,Experimental
119025,Experimental
119026,Experimental
119086,Experimental
119095,Experimental
119097,Experimental
119118,Experimental
119134,Experimental
119187,Pop
119379,Experimental
119574,Rock
119582,Experimental
119583,Experimental
119584,Pop
119725,Folk
119726,Folk
119922,Rock
119941,Hip-Hop
119979,Hip-Hop
119988,Hip-Hop
119991,Hip-Hop
119993,Hip-Hop
119994,Hip-Hop
120105,Pop
120111,Pop
120150,Experimental
120177,Folk
120178,Folk
120183,Pop
120184,Pop
120188,Pop
120189,Pop
120194,Pop
120196,Pop
120207,Pop
120518,Rock
120779,Experimental
121251,Rock
121256,Rock
121288,Experimental
121312,Hip-Hop
121315,Hip-Hop
121318,Hip-Hop
121321,Hip-Hop
121366,Experimental
121415,Rock
121570,Rock
121590,Pop
121591,Pop
121592,Pop
121594,Pop
121734,Pop
121736,Pop
121737,Pop
121738,Pop
121739,Pop
121740,Pop
121866,Rock
121867,Rock
121869,Rock
121976,Experimental
121985,Experimental
121987,Experimental
121998,Experimental
122001,Experimental
122003,Experimental
122004,Experimental
122066,Rock
122082,Rock
122083,Rock
122132,Experimental
122143,Experimental
122153,Experimental
122166,Experimental
122168,Experimental
122190,Rock
122352,Folk
122355,Folk
122358,Folk
122362,Folk
122397,Rock
122398,Rock
122472,Rock
122683,Rock
122685,Rock
122798,Pop
122799,Pop
122804,Pop
122806,Pop
122807,Pop
122810,Pop
122935,Folk
122936,Folk
122959,Experimental
123097,Folk
123099,Folk
123273,Rock
123278,Rock
123333,Experimental
123440,Hip-Hop
123441,Hip-Hop
123474,Rock
123641,Hip-Hop
123645,Hip-Hop
123825,Rock
123866,Rock
123868,Rock
123899,Folk
123965,Hip-Hop
123968,Hip-Hop
123971,Hip-Hop
123972,Hip-Hop
123975,Hip-Hop
123977,Hip-Hop
123978,Hip-Hop
123981,Hip-Hop
123986,Hip-Hop
124185,Rock
124186,Rock
124391,Rock
124392,Rock
124393,Rock
124409,Experimental
124425,Folk
124461,Rock
124477,Pop
124480,Pop
124484,Pop
124517,Experimental
124702,Hip-Hop
124971,Experimental
124996,Rock
125003,Rock
125183,Folk
125185,Folk
125187,Folk
125188,Folk
125190,Folk
125191,Folk
125194,Folk
125195,Folk
125196,Folk
125237,Experimental
125239,Experimental
125333,Experimental
125375,Pop
125721,Pop
125722,Pop
125777,Rock
125778,Rock
126055,Experimental
126102,Pop
126103,Pop
126104,Pop
126221,Experimental
126223,Experimental
126224,Experimental
126226,Experimental
126294,Rock
126295,Rock
126357,Pop
126400,Pop
126403,Pop
126426,Pop
126427,Pop
126430,Pop
126431,Pop
126455,Folk
126489,Folk
126491,Folk
126505,Experimental
126506,Experimental
126510,Experimental
126519,Experimental
126521,Experimental
126522,Experimental
126550,Experimental
126557,Experimental
126559,Experimental
126598,Rock
126607,Experimental
126608,Experimental
126667,Rock
126670,Rock
126671,Rock
126673,Rock
126674,Rock
126676,Rock
126778,Folk
126781,Folk
126782,Folk
126786,Folk
126790,Folk
126944,Rock
127066,Folk
127155,Experimental
127182,Pop
127184,Pop
127187,Pop
127188,Pop
127190,Folk
127193,Folk
127203,Pop
127204,Pop
127206,Pop
127265,Folk
127266,Folk
127267,Folk
127268,Pop
127273,Pop
127274,Pop
127276,Pop
127277,Pop
127279,Pop
127288,Pop
127289,Pop
127290,Pop
127294,Pop
127296,Pop
127299,Pop
127300,Pop
127303,Pop
127402,Experimental
127422,Experimental
127532,Experimental
127541,Experimental
127542,Experimental
127559,Rock
127623,Pop
127722,Folk
127726,Folk
127798,Experimental
127878,Experimental
127908,Pop
127909,Pop
127910,Pop
127911,Pop
127912,Pop
127913,Pop
127914,Pop
127916,Folk
128441,Hip-Hop
128443,Hip-Hop
128448,Rock
128477,Pop
128482,Pop
128484,Pop
128500,Folk
128504,Rock
128666,Hip-Hop
128699,Rock
128710,Rock
128799,Experimental
128828,Experimental
128878,Experimental
128879,Experimental
128880,Experimental
128882,Experimental
129049,Pop
129051,Pop
129091,Rock
129092,Rock
129093,Rock
129094,Rock
129096,Rock
129268,Rock
129372,Pop
129374,Pop
129393,Pop
129439,Folk
129620,Experimental
129622,Experimental
129624,Experimental
129683,Folk
129694,Folk
129695,Folk
129807,Hip-Hop
129808,Hip-Hop
129904,Hip-Hop
129910,Hip-Hop
129915,Hip-Hop
129920,Hip-Hop
129969,Rock
129972,Rock
129973,Rock
129997,Rock
130016,Rock
130084,Rock
130168,Hip-Hop
130347,Folk
130349,Folk
130368,Pop
130440,Hip-Hop
130456,Hip-Hop
130650,Hip-Hop
130682,Rock
130683,Rock
130689,Rock
130693,Rock
130702,Hip-Hop
130709,Hip-Hop
130710,Hip-Hop
130711,Hip-Hop
130948,Folk
130950,Folk
130963,Folk
131016,Hip-Hop
131019,Hip-Hop
131024,Experimental
131292,Rock
131385,Experimental
131410,Experimental
131422,Hip-Hop
131425,Hip-Hop
131426,Hip-Hop
131439,Pop
131444,Pop
131448,Pop
131451,Pop
131453,Pop
131454,Pop
131540,Experimental
131552,Rock
131553,Rock
131567,Experimental
131624,Experimental
131764,Pop
131767,Pop
131771,Pop
131773,Pop
131774,Pop
131902,Folk
131903,Folk
132019,Experimental
132040,Folk
132042,Folk
132118,Hip-Hop
132171,Rock
132272,Experimental
132436,Experimental
132449,Folk
132453,Folk
132454,Folk
132455,Folk
132779,Pop
132786,Pop
132788,Pop
132789,Pop
132790,Pop
132791,Pop
132792,Pop
132914,Rock
132954,Hip-Hop
133275,Rock
133294,Experimental
133332,Experimental
133333,Experimental
133632,Rock
133638,Folk
133780,Folk
133781,Folk
133798,Folk
134073,Folk
134084,Folk
134094,Experimental
134389,Pop
134486,Pop
134510,Hip-Hop
134594,Rock
134610,Hip-Hop
134643,Experimental
134826,Hip-Hop
134979,Folk
134981,Folk
135010,Folk
135028,Folk
135054,Experimental
135089,Experimental
135336,Pop
135337,Pop
135338,Pop
135341,Pop
135342,Pop
135363,Rock
135365,Rock
135369,Rock
135371,Rock
135372,Rock
135373,Rock
135374,Rock
136054,Rock
136094,Rock
136275,Rock
136465,Hip-Hop
136706,Rock
136709,Rock
136928,Experimental
137212,Rock
137213,Rock
137214,Rock
137356,Rock
137417,Rock
137484,Experimental
137500,Experimental
137551,Experimental
137561,Experimental
137567,Rock
137605,Rock
137624,Rock
137627,Rock
137715,Rock
137716,Rock
137717,Rock
137719,Rock
137720,Rock
137723,Rock
137740,Rock
137896,Hip-Hop
137898,Hip-Hop
137900,Hip-Hop
137907,Folk
137935,Rock
137990,Folk
137998,Rock
138015,Folk
138016,Folk
138017,Folk
138038,Pop
138039,Pop
138040,Pop
138041,Pop
138053,Rock
138061,Rock
138064,Pop
138067,Pop
138068,Pop
138069,Pop
138071,Pop
138207,Rock
138210,Rock
138212,Hip-Hop
138215,Hip-Hop
138216,Hip-Hop
138217,Hip-Hop
138218,Hip-Hop
138282,Rock
138306,Rock
138311,Rock
138317,Rock
138318,Rock
138319,Rock
138320,Rock
138413,Folk
138414,Folk
138415,Folk
138416,Folk
139112,Folk
139123,Rock
139522,Folk
139638,Experimental
139770,Rock
139804,Experimental
140043,Rock
140421,Rock
140576,Rock
140583,Folk
140620,Hip-Hop
140623,Hip-Hop
140625,Hip-Hop
140788,Folk
140789,Folk
140791,Folk
140871,Folk
140872,Folk
140873,Folk
140875,Folk
141166,Hip-Hop
141179,Pop
141180,Pop
141181,Pop
141304,Hip-Hop
141561,Hip-Hop
141562,Hip-Hop
141564,Hip-Hop
141566,Hip-Hop
141567,Hip-Hop
141877,Rock
141878,Rock
141901,Pop
141902,Pop
141903,Pop
142085,Hip-Hop
142086,Hip-Hop
142087,Hip-Hop
142088,Hip-Hop
142089,Hip-Hop
142093,Hip-Hop
142129,Folk
142132,Folk
142133,Folk
142358,Hip-Hop
142359,Hip-Hop
142360,Hip-Hop
142361,Hip-Hop
142362,Hip-Hop
142402,Rock
142418,Rock
142517,Folk
142519,Folk
142528,Folk
142531,Folk
142549,Pop
142550,Pop
142551,Pop
142552,Pop
142553,Pop
142947,Rock
142948,Rock
142949,Rock
143039,Experimental
143095,Rock
143215,Rock
143218,Rock
143219,Rock
143220,Rock
143290,Hip-Hop
143318,Rock
143995,Rock
144170,Hip-Hop
144172,Hip-Hop
144179,Hip-Hop
144180,Hip-Hop
144181,Hip-Hop
144212,Hip-Hop
144213,Hip-Hop
144214,Hip-Hop
144215,Hip-Hop
144466,Folk
144467,Folk
144468,Folk
144469,Folk
144471,Folk
144472,Folk
144474,Folk
144475,Folk
144476,Folk
144492,Experimental
144543,Folk
144544,Folk
144545,Folk
144546,Folk
144547,Folk
144740,Hip-Hop
144741,Hip-Hop
144809,Experimental
144810,Experimental
144933,Pop
144937,Pop
144938,Pop
144939,Pop
144941,Pop
144945,Pop
144946,Pop
145002,Folk
145005,Folk
145058,Experimental
145059,Experimental
145068,Rock
145257,Rock
145258,Rock
145259,Rock
145550,Folk
145551,Folk
145553,Folk
145556,Folk
145606,Rock
145607,Rock
145703,Pop
145704,Pop
145705,Pop
145706,Pop
145707,Pop
145724,Hip-Hop
145729,Hip-Hop
145742,Hip-Hop
145743,Hip-Hop
145744,Hip-Hop
145745,Hip-Hop
145747,Hip-Hop
145748,Hip-Hop
145750,Hip-Hop
145751,Hip-Hop
145783,Rock
146147,Hip-Hop
146150,Hip-Hop
146151,Hip-Hop
146152,Hip-Hop
146153,Hip-Hop
146481,Rock
146482,Rock
146681,Hip-Hop
146727,Hip-Hop
146969,Folk
146989,Experimental
147020,Hip-Hop
147022,Hip-Hop
147085,Experimental
147086,Experimental
147261,Hip-Hop
147269,Hip-Hop
147409,Rock
147412,Rock
147413,Rock
147956,Rock
148031,Hip-Hop
148032,Hip-Hop
148082,Experimental
148099,Experimental
148168,Experimental
148186,Folk
148187,Folk
148190,Folk
148210,Folk
148211,Folk
148216,Folk
148218,Folk
148231,Folk
148234,Folk
148235,Folk
148286,Pop
148289,Pop
148290,Pop
148302,Experimental
148510,Pop
148514,Pop
148518,Pop
148532,Folk
148535,Folk
148537,Rock
148586,Pop
148604,Folk
148605,Folk
148607,Pop
148608,Pop
148609,Pop
148611,Pop
148612,Pop
149083,Pop
149100,Pop
149101,Pop
149103,Pop
149118,Hip-Hop
149138,Hip-Hop
149369,Hip-Hop
149416,Rock
149422,Experimental
149452,Rock
149488,Rock
149523,Rock
149687,Hip-Hop
149690,Hip-Hop
149750,Pop
149775,Experimental
149777,Experimental
149778,Experimental
149842,Experimental
149951,Hip-Hop
150015,Pop
150017,Pop
150063,Folk
150064,Folk
150287,Hip-Hop
150288,Hip-Hop
152543,Hip-Hop
152545,Hip-Hop
153383,Pop
153452,Pop
153946,Folk
153956,Pop
154305,Hip-Hop
154306,Hip-Hop
154308,Hip-Hop
154309,Hip-Hop
154413,Pop
154414,Pop
155066,Hip-Hop
